	0	1	2	3	4	5	6	7	8	9	10	11	12	13	14	15	16	17	18	19	20	21	22	23	24	25	26	27	28	29	30	31	32	33	34	35	36	37	38	39	40	41	42	43	44	45	46	47	48	49	50	51	52	53	54	55	56	57	58	59	60	61	62	63	64	65	66	67	68	69	70	71	72	73	74	75	76	77	78	79	80	81	82	83	84	85	86	87	88	89	90	91	92	93	94	95	96	97	98	99	100	101	102	103	104	105	106	107	108	109	110	111	112	113	114	115	116	117	118	119	120	121	122	123	124	125	126	127	mean	median	std	min	max	model
-24	2.02283790009875	-2.4249576886871296	6.855661292973878	1.885410273549212	5.0714092003051405	2.5898805762095094	6.682267124587327	5.490434922313398	-4.273588277992644	5.1296035536896625	9.083979722388506	3.886249437176332	-2.2937120028058757	18.567809649549133	2.2006423032317457	3.3266842382965365	14.443200755647865	7.156615412899157	6.514422027673504	3.1126528021260356	-3.758528110112195	-7.122320023710984	7.245416935050116	9.067205849337086	1.361448131757811	3.8086099103827564	4.2346126802816	0.42573616962272354	-3.1599094694038854	-10.897817437544347	-3.7703770793870603	4.872947254908468	-2.755377107961749	2.0747466289174668	-0.727993366928672	-1.5991405208949345	-6.326993788458935	3.239652851271444	-4.170931026171274	13.518988139646808	-3.035909430682807	-0.7351212840756602	-0.7295189600358754	-9.787169489767678	7.983874789622121	-8.103908219703158	-1.010938836762648	2.169423094478077	14.08947363077823	0.9877422562547054	5.848480562576071	1.518665238234064	0.21964759796384214	9.37790490771954	11.911343955291727	0.23925361646928422	3.474878067567431	13.185206802727066	-4.0256398464449035	0.16282920242070986	1.4667739840199374	6.956391177467651	-0.7531607988143492	2.3803009792836747	2.1667491789862083	3.877517894066841	3.217942489038194	-18.945577046473772	13.739387148729008	3.53010589621681	1.8545565058698799	-6.7951653057778	4.462601882288027	5.425375194192327	1.9420992309608778	0.9162516171588777	7.362787782139208	12.155836627484177	2.1913466179498187	1.3153922690175932	3.2674727395267382	2.3981593723539163	-41.790908723546465	-0.22762209406209877	6.078742512497456	4.03718092000986	7.519871033998072	1.1892095084798484	4.910983699008739	1.0545269137475088	3.2537723818024347	7.412509661597539	1.763203545654676	-5.046235420277128	-3.198545527051067	5.523098388028302	1.7840359284264764	6.252911344111851	2.745635502612515	-3.397717726360895	-28.262064089477747	5.663270555131248	10.569287522669867	-8.256176140475475	4.390467177945482	-1.7147993340697099	2.219034545535692	4.9500012428154605	-21.164327999489615	2.986083029840813	0.8262145263279876	6.575766031788191	-1.2382222970950352	-4.179705392542985	7.281204082703198	-2.408250844730958	6.952600503183874	2.1668128086175784	0.4160372231241354	0.9568445762683382	-26.813309565711904	-0.9007343215315018	3.635894481412379	10.199087634436921	1.7300955534453237	11.09196456944045	2.91582351945209	-4.786495105156746	1.4385015568490722	2.169423094478077	7.896336442009331	-41.790908723546465	18.567809649549133	2.142311149436204
-22	1.322095902983051	-1.722156046413545	4.1975559169120515	1.3817661479906178	5.204282727043903	2.131689554642719	5.3464318557406045	5.476370948025362	-4.069676943732134	5.06409137548161	7.894731680420648	3.9543993615459385	-3.138423636411744	16.507855083565687	5.5499949975486516	3.2725746005560836	14.248571746675395	7.550051839931768	6.73484417696784	3.4107290356812427	-3.0554541722723343	-6.946369760644586	7.164703807806916	10.08327561957367	1.826666588840908	3.7964483034310206	4.110250449150612	0.9504642183854344	-1.6536950593984443	-10.399142659146321	-3.318443935406151	3.695621378955707	-2.6489981146154378	2.0109751642493165	-1.1537406121939853	-2.4761929085433394	-5.624552440638979	3.3491481859510372	-3.38110927665457	12.556673816390457	-2.959011159792624	-1.3206198210504567	-0.5391849634533514	-7.157831327525969	9.261039821739587	-7.874504789718458	-0.45751706560287175	2.0406165471113127	13.145172468662224	1.118024443468812	5.490892817213933	2.86389097477786	0.48072973266323515	8.57998507072648	10.36083433162895	-0.1670737279563923	3.664444666941961	11.742124114930732	-4.193875541520185	0.03535435281912669	2.3215127804633084	7.447158721564506	-0.0139404450005145	2.820893478919743	2.66492357072741	3.237143717681363	3.131931454731273	-16.86063334662947	13.84363227742864	2.5383686820201206	1.6980538471466389	-6.36623861951341	4.685172643874978	4.9062958772746015	2.8378005154872312	0.9107475025183476	6.728031533613716	10.75457159771031	1.6099689437998563	0.6205705610601626	2.4947568100708395	2.5841110434159873	-42.438502564228145	0.24228250012038188	6.050235935342641	3.6302584097592216	6.921907389511773	0.8815235035925753	4.01965505167675	1.0354308529351215	2.2543887894989325	8.270716504707764	1.9372832701034213	-3.7685354081395985	-3.229457208136523	5.111131637253095	1.2527072677031015	5.718512338918572	3.1218238610447884	-3.291372521014921	-27.008457203975468	4.955643249925686	9.75372831524686	-8.185924556122075	4.563328258461297	-1.3322146220860418	3.1270443764431093	3.060038058537657	-21.736161115097502	1.7592871503944707	0.4524508120367159	6.960585780272254	-1.0397029614194935	-4.0186166533729875	6.967891950572152	-2.3267686732926904	6.512186414701034	1.83144304709964	0.9086186871671202	0.27120753913334283	-24.05547103226877	-1.0129601579086511	5.001338829248709	9.166638510167786	1.6884605253172253	10.808369647947245	3.5603507470675595	-5.238873357397779	1.4142662827363561	2.2543887894989325	7.579479935719031	-42.438502564228145	16.507855083565687	2.30753252063894
-20	0.5206978733146457	-0.6755461769222961	2.156475617977719	0.4747379735746904	4.077237948074867	1.279449413630175	3.5717057766758558	5.831205019312961	-3.701610573085759	5.090296246764865	6.710448673738597	4.014030545369337	-3.932724017208727	13.444102877305	8.225241933578388	3.207202706447106	13.991292229264673	7.4804446045091595	6.733348099031446	3.944242978909699	-1.3167383468222624	-6.552925422398687	7.290400365838536	11.324158431787737	2.276994835792493	3.1579639384652864	3.4502648111550798	1.3872192327239077	0.07408171508870964	-8.65482418742755	-3.4003808227001286	3.0896379098526836	-2.5933909135480917	1.4703670660402963	-1.7994558682254365	-3.8957819446927715	-4.937766850360902	2.9795647372603753	-2.5896070553303616	12.982769665513388	-2.8821128889024408	-1.5058670317467886	-0.5369123187180094	-4.804311853657055	10.525873796376288	-7.66180935521237	0.05895558386924904	1.9873010165163123	11.79572411920492	1.3379333835891885	4.4181295811274595	4.385518177936433	0.18177732245283096	7.832756611612808	8.882904041944755	-0.6632473671743355	3.7643238429565145	10.774435249003943	-4.5964395261647155	-0.6346355305361158	2.803402554589809	7.2878826259599805	1.4686447192489709	2.765268675840673	3.0814870954986304	2.169695072029924	3.2509255339737138	-14.509025223545052	13.284177667031202	1.5466314678235449	1.0071406390774769	-5.896231630902548	4.035765787286493	4.353282070615421	3.7053461604213567	0.8413956580478157	5.518917055361783	9.76533866570071	0.2236067977499374	-0.622985232503936	2.4906400496581114	2.4761037826545476	-42.6022027560698	1.077539845280512	5.65827049946364	3.2333738361941187	5.96799320282787	1.0524142531169218	2.7413706190980633	0.5919778851822457	1.4383373103249255	9.021072879277085	1.9984697079046896	-2.093253211374247	-2.921967327865559	4.828935042313276	0.6761838026870919	5.329895127154032	3.5632443598570944	-3.2024039832090807	-25.43863206270612	6.052290040619653	8.95316100501907	-7.772893689492605	3.8190298098593303	-1.0008689340287447	3.5112123117260694	1.0950095974887972	-21.650000048637764	0.4505695369561522	-0.5176376724240299	7.237408777702456	-0.5067290161480855	-3.349238203229504	6.550771581891581	-2.3539293971053894	6.115464200075678	1.6651295668524995	1.3174970963923442	-0.603106653035411	-21.568661997433765	-0.8846323537034664	6.351166459034289	8.09401153082689	1.209977971291437	10.523262220206163	4.167354129239584	-5.332424667351347	1.3467683603626623	1.9873010165163123	7.253742442688979	-42.6022027560698	13.991292229264673	2.071453735125673
-18	-0.8050649161001502	-0.11953468375509146	2.2787504308462303	-0.4338526955431803	2.4854281305757695	0.6769996235194071	1.5299362750558316	6.094060698756664	-2.744039527501684	4.867554840857508	5.249995753539565	3.6409097094457934	-4.410338322667599	10.23159157973248	10.819128075414199	2.5729598477992113	13.722818106897932	7.367575888970521	6.4266521220721415	4.477756922138212	-0.1138141148979912	-4.95471053287838	7.6340737770622695	11.586541718263504	2.2737753308991273	2.1992239237707736	3.117320356924779	1.816332145082015	1.8359975287872317	-7.1754918950249476	-3.070072745796267	2.3736181253563586	-2.681234173205212	0.5239405563070818	-2.45339893534657	-5.207963606183739	-4.050114936904606	2.2530206264505637	-1.7149861130668	13.290162826762867	-1.860137727443771	-2.1031006861412607	-0.6329315587850601	-2.254125351932828	11.142149568003333	-7.571374014605681	0.5107672703880439	1.8858599627292847	10.135528919331989	1.0182338319856967	3.827075456561886	5.244488006041422	-0.41924622653942833	6.467844325744522	7.372985082840387	-0.8050833718744457	3.806619616472858	9.794446049151588	-5.401567495453662	-1.5177474280690717	3.3486063136380153	7.147091183617022	2.9651703284989708	2.4353750417381548	3.1220991383036676	0.6458373091958265	3.4333345283407084	-12.057572979200984	12.485425257060683	0.46130403931130104	0.34798826469040023	-5.891398654155864	3.3926060212647258	3.8742533433344306	3.955387437026957	0.8751542278429838	4.107449979095065	8.957289852064036	-0.9391485505499304	-2.193729006704757	2.443297304912562	2.2905502950422374	-42.970785577952256	2.1635672940684003	4.539387346136266	2.6419077207255555	5.049840402392817	0.7304701324893585	1.3705407072376374	0.43814850641621206	0.5693729041908	9.159510447912282	2.0570708032637413	0.29427877939122027	-2.7072124908509636	4.534025755094717	-0.11414585186753357	5.509102027915958	4.315621076721698	-3.309212566356166	-23.431496846931907	5.821249692350648	8.793497299889339	-7.718791894645676	2.9414470421594956	-0.7924969033947491	3.7686151554606795	0.23093852908272083	-21.111899803389065	-0.6163237159371988	-1.4375824181253734	7.63751722287185	-0.12045749520643767	-2.9531632207555845	5.742011048047118	-2.2905543748756827	5.530692160367892	1.2125673979639942	1.9080992430509696	-0.9784294459560101	-19.09983818610715	-0.8982946294363501	6.936284145134664	6.687482225624137	0.11273484539293577	9.668696190106743	4.563561791420966	-5.306794171473655	1.2056978197250539	1.8858599627292847	6.952422117644928	-42.970785577952256	13.722818106897932	1.7436101935394073
-16	-2.2452345621869654	0.34030395310094264	2.4010252437146846	-1.445307599198543	1.1786575002290647	0.258988057620968	-0.2219180293919294	6.213885759690982	-2.075877230962533	3.8193599895288344	4.262279307760366	3.2541588886483055	-4.904756379062803	6.9398073453424445	12.575815360099227	1.8282113909489794	13.35280695361422	7.251401801917439	5.42627467527484	5.102441567547601	1.2044772510358825	-3.763380626699245	8.100873264558288	12.12849629780726	2.284641159914031	1.033736590896865	2.8685958946628602	2.0359092845388886	2.9625858227622643	-5.633564442153897	-3.440069002483085	1.1737206975281538	-2.8996334701509454	-0.03188573233410352	-3.20145808646339	-6.504940006804361	-3.0177211140994586	1.588416235794682	-1.4779103211496931	12.097604998413772	-1.2663915986746588	-2.6441734214557755	-1.0289399039136242	1.1500627182070957	11.13245098346789	-7.395807458941022	0.9810535177505812	2.0160819666604652	10.26536660671212	0.4287300345202425	2.887299398502705	5.672656491238627	-1.1713053449227004	4.830700566078633	6.766544425596408	-0.9030057381087317	4.047654566752897	9.203091063938473	-5.557786355166513	-2.204418590571379	3.8973275162929326	7.013077447470096	4.6078822258630225	2.366532463670069	2.974735440125528	-0.11045029377572746	3.5470440313227414	-10.598980599060042	11.547736872581481	-0.9840266567672415	0.006444227123949986	-5.980808723968721	3.861283094945861	3.4017353030387767	4.219506533428614	0.926525964487837	2.695982902828348	8.122386963739984	-2.3255106965997356	-3.4937277452680178	2.4819948527915585	2.021378282969465	-42.80399670324567	2.952271419991007	3.109212370278101	1.6369558287120185	5.453195572873824	0.37463715705894174	-0.26491143444388854	0.29280626578906777	-0.1214761562605986	9.167113021924195	1.8847146404431214	2.274034170538414	-2.435515083415794	4.207397671299475	-0.9769030774040743	5.624277698967319	5.005708456531636	-3.185722382370443	-21.046371219755997	5.504231599800505	8.531888693831831	-7.778142371082197	1.9351759663651364	-0.707098530184112	3.185134286012101	-0.20037916777414466	-20.77335183942222	-1.1323351045371624	-1.6470289577126778	7.66061291360927	0.5679671841025424	-2.6196469719400284	4.843126090652959	-2.3448758225011375	4.959901520294579	0.6385739473957983	2.4364747765885113	-1.3474037477919865	-17.134287846518077	-1.0568746156214956	7.437037604373586	5.031667592362339	-1.1305511484009116	9.022099769102397	4.715864458220494	-5.367025836786183	1.0359916772240139	1.588416235794682	6.737847926574179	-42.80399670324567	13.35280695361422	1.4497181537959203
-14	-3.1364713094342846	0.664838672677206	3.4567818496677774	-2.2578048441534406	0.11750663238314019	-0.0810850460775896	-1.7802894837013241	5.222656851868919	-1.5868320183963647	3.2100967321940175	4.276930231554331	2.4380635443224037	-5.596295359903138	4.3494091774445565	13.181563190844372	0.900303080526669	13.958101207552943	7.844813205576145	4.701175568772726	5.668172308127055	2.2727325399910683	-2.488963096294299	8.677946419529974	11.515203885592655	2.225080319387814	0.0202693449195408	2.397514911549763	1.9851692818558035	3.5743574054299074	-4.277335965339091	-3.372215017692781	1.0794374443813695	-3.103526540731309	-0.7840991451235482	-3.243688586240296	-7.570278816293921	-1.9023222371574775	-0.08513042106460489	-1.0619289152667193	12.778195439399326	-1.0099687399813888	-3.365464031429724	-1.2343301718676116	4.436250571633877	11.148938577178228	-7.422062880407566	1.7890438699495235	2.09393207770637	9.288903815612002	-0.12381427721066984	2.1721239077783707	5.913398418157726	-2.1011319918810614	3.5878230788092083	6.48859245769296	-0.8676729255499822	4.199002093672846	8.911263294163518	-6.164636540973845	-3.062633056541472	3.8111501479272647	6.038320065472362	6.3236872672841855	2.473926885456308	2.194597436909646	-0.6724403907074361	3.6607535343047743	-10.149992128302358	10.554474098298783	-2.160817249269769	-0.23981730939635781	-5.31264968874558	4.151119041007121	3.8845126076749352	4.380121659284043	0.8421295399998598	1.0952430542740217	8.830299197668694	-3.6671514830996443	-4.823608042948479	3.289291569713839	1.6635109074511547	-42.17905320357352	2.938768414411072	1.1049149305214883	1.2948938324292385	4.866875170422077	-0.08286238278020619	-1.8034800275024168	0.3543380172954471	-0.6863775454970096	8.757988457656154	1.7942276549622989	3.8045556744392	-2.5526540854237396	4.292484601798719	-1.7052347311982317	6.126057021100678	5.425057930403284	-3.1461035803787354	-18.979916340878617	4.814687441119361	7.989931610222584	-8.073683519051713	0.34495615919769307	-0.7310100746831267	2.8252350240601913	-0.31195160100770636	-19.962950110550764	-1.7338508102483843	-1.9714203753792958	7.707129586502958	1.1561227752227978	-2.1004094825763104	4.065508027773376	-2.3177150986884953	4.368488315760544	-0.15808507717650855	2.5009041016784863	-0.76740560230445	-15.036428819206833	-1.7263261265322853	6.877042464702697	3.4647312445623584	-1.9895138056279507	7.946707826800321	4.914520110567764	-5.375996510343384	0.8701247515035084	1.1049149305214883	6.599446583306223	-42.17905320357352	13.958101207552943	1.2276500371287855
-12	-4.273756136254974	0.9235709116195494	4.880755172738645	-2.9734274175944506	-0.7346878785173203	0.02105790748879599	-3.07347198366773	4.620578112597286	-1.235437643632963	2.4894627719056075	4.595425036031827	2.1024251668021066	-5.510553143587117	2.885469654940721	11.276271715850896	-0.3110245687334441	14.47108906974887	7.598660244556527	4.3630619551493055	5.986750139996502	2.6678649739743037	-1.8010464427775332	9.269157224178059	10.617929098972013	2.370360477698398	-0.9364437352830919	2.340843515084998	1.8931974731395371	3.362695362319414	-3.513675007624954	-4.007225894221165	0.9613286642547791	-2.8859331452503056	-1.2391955066185574	-3.484729868266811	-7.972732955074719	-0.7700860360666866	-0.6575591144298869	-0.999105123079346	13.391350840858138	-0.49969582719711525	-3.705363325264045	-1.4490950993548495	6.894982359942446	9.56793074668434	-7.433466750337402	1.8209668243487727	2.128846672963334	9.038311123110987	-0.3668228959150497	1.539695994493286	5.701453372449009	-2.7226500429146085	2.8818987053753062	6.210640489789398	-0.7874169655950709	4.3967220951710715	8.914267955885748	-6.3689227421367605	-2.899803854120705	4.261382929592912	5.212364142231024	7.7478732700447495	2.755906085223444	1.7768735680583063	-1.1859748748859715	3.7792009332444536	-9.101938929986773	9.406655839329687	-2.6229189324531035	-0.359495813125875	-5.156786188666388	4.025741386144489	3.735161394103386	4.172473817291689	0.8024999145880543	0.5712806236729762	8.988592643943662	-4.248529157249607	-5.919567044509449	3.621925811056599	1.449586849039747	-41.47174482750302	2.6346292887292293	-0.007411710060239329	1.1690335493726138	4.583279060867426	-0.28867518390029545	-2.849533148008561	0.4063217383956612	-1.2199783300527542	8.118134612329527	1.570164643295584	3.9934921655957965	-3.0618833580417686	4.586638679575003	-2.364615337417547	6.062428503526746	5.527075112351042	-3.348831368347817	-15.57700631317266	4.243577956378886	7.488452649040539	-8.359938538054962	0.042640768753528846	-0.8403199923927218	2.602169771315289	0.2723679987760761	-19.52157785500691	-1.3556494522997014	-2.1665952354736078	7.939062368133648	1.6493928533590179	-2.0159551921376533	3.3817892334089947	-2.390143695522454	3.8298548948461644	-1.0198232896715922	2.5199024924102105	-0.2935542277511445	-13.038505077302716	-2.371868654910486	5.9307881736766035	2.4849394606524697	-2.9214978968026912	7.5050560023949515	5.347147975679491	-5.400345481427223	0.7444288029757602	0.9613286642547791	6.425503586149125	-41.47174482750302	14.47108906974887	1.0769069844291688
-10	-4.649611995513794	1.0925547967977423	7.401024976089332	-3.3887905924992765	-1.0992340408144514	0.31223793862710636	-3.2273928452793825	3.9014871072491246	-0.9934799597933761	1.8539946432875922	4.626517552083612	1.6219681999963882	-4.481215682386107	2.5496199082181192	8.963804759411914	-1.0496761649932296	15.144336539736514	7.4623622779887455	4.1625875116734505	5.467218853682766	2.686723063187344	-1.1571173550273102	9.66424027058855	9.565353828008426	2.337360552541952	-1.668167086878725	2.3617017373949807	1.8647617448408482	3.049298982359119	-2.8814638868943234	-4.365699776132317	1.5776574279674946	-3.167998657910914	-1.5203696917460547	-3.4987507300218113	-7.877619195587897	-0.5039381578556572	-1.2966243787664098	-1.4780395882118	14.314310330321291	-0.09605137181819146	-3.4622787501421044	-1.6826093459084177	9.602987333326269	8.117853807419692	-7.52628894744106	1.7204434785808758	2.2203795307990504	8.89700841058368	-0.65603087178755	0.7122202201014716	4.904520254151578	-3.1530345857808584	2.701662695136804	6.3711214615867675	-0.7500651351758734	4.209703433960101	9.20975765713473	-6.573208943299676	-2.7148159376089893	4.198068944671149	4.528431971549935	7.895566633293981	2.6363953696971407	0.8079862611393196	-0.8061683808057296	3.7185194196338216	-8.153729852930837	8.047326975689316	-2.7250173480700823	-0.4796346187928293	-5.712578514530151	4.411898751874276	4.137640225921018	3.810609858442149	0.8579080019692924	0.22351113963230773	9.709931915216089	-4.472135954999544	-6.528366082280968	3.738841806776122	1.3182858564643425	-40.80253020676679	2.667679502386761	-0.3435042547158105	1.5921711881151737	4.356235841194632	-0.43580240719097674	-3.4458730801300703	0.3076587575319536	-1.6954494202016122	7.1430602942922405	1.648586697378903	3.515713916376228	-2.8308592151926746	4.716157098929614	-2.331008944481937	6.135722112377664	5.619773417101612	-3.530243777467547	-12.652102407914413	3.7975932474067804	7.659360277066696	-8.88238422859115	-0.6245468285696347	-0.9769573895297867	2.839434779732585	1.119826260027878	-18.953808940647036	-0.7378927031148237	-1.9883921023440507	7.998265406362009	2.1426629314952947	-2.0308128913814585	2.921258147625906	-2.435411568543657	3.502340608410975	-1.1833939688951887	2.424910538751817	0.33266093283214104	-10.615660880858286	-2.509467289077236	4.110082545271268	1.5407598664652937	-3.7650876205669874	6.992316384335311	5.727904642678311	-5.732260403043142	0.6968842566721936	1.0925547967977423	6.283012042620011	-40.80253020676679	15.144336539736514	0.9830022614647124
-8	-4.658962555914854	0.8924218083608366	10.015232629647755	-3.4038947079503146	-1.830414258663609	0.20936885031971997	-3.0654359547482954	3.8359489870667858	-0.9571435585100971	1.4085118314728788	5.1052771840632545	1.356183494954962	-3.505090099150152	3.207781019449669	5.558353983253539	-1.6983143889241887	15.743738896329944	7.08613322619334	4.07332152813575	4.774132562284819	2.337515622934916	-0.6475947182307777	9.946479167763982	8.30424088414145	2.304360627385506	-2.426240586869767	2.325101460511462	1.5687635855811664	2.308140441080411	-2.3410590015172943	-4.729294713499314	2.4644529469666168	-3.174445869628869	-1.8986504253453518	-2.8951820165111712	-7.739801299188741	-0.3444266659200821	-2.0689627850454144	-2.62657743509493	15.297542988656915	0.3381808716099499	-3.2636199766803315	-1.7280622406147472	11.246566109414914	6.291887441800668	-7.793086462544636	0.5728472285176167	2.1892394863807	10.269684603196083	-0.9895902305415234	0.1595846136327168	3.876060210922276	-3.791037344978008	2.83120732749569	6.892079792144671	-0.5784486170333025	4.113900959007424	10.193972162533953	-6.693377296924837	-2.5823616016948563	3.8832577418659184	3.8941002871209776	7.614497120579813	2.2965884043528604	0.8799275941080964	-0.16425027558256033	3.657291225720371	-7.399627670000825	6.589017017165986	-2.197508867382112	-0.6315342581418122	-6.180169014767671	4.531174597346137	4.61430143066184	3.075203749321304	0.9404697215771307	0.600133180424109	10.550739464540698	-4.695742752749538	-6.292935616509169	3.922449321180636	1.3365027492932313	-39.86665929869099	2.4682208199628235	-0.3911102385643517	2.5125727672777884	4.323801095527074	-0.15787246993551207	-3.6130333520826525	0.20899577666830282	-0.9829880374707614	5.8603469348435056	1.6399688892379345	3.5388212570213113	-2.5998350723436374	5.013583750955831	-1.9178820796010996	6.191296387220689	5.4201532581942615	-3.9046530407337627	-10.392973584539106	3.641005121458477	8.013918645734975	-9.203361295033403	-1.4487648018414347	-1.1135947866667948	2.529363751322137	2.44700496490708	-18.698577102266256	0.3710361917102887	-2.111437122838254	7.372730007938628	2.222743612666136	-2.0456705906252637	2.695711160941187	-2.41730441933521	3.3628761470580457	-1.3686577107597486	2.384160367327354	1.7526914186317413	-9.177781359678931	-2.5753389756465026	2.399118310560084	0.8458656003372766	-4.281361969355203	6.763927940892813	5.370324468453305	-5.306794171473655	0.689575094054522	0.8924218083608366	6.192385350438662	-39.86665929869099	15.743738896329944	0.928694603444906
-6	-4.3577278355430735	0.3484805927063235	12.543446610391868	-2.815094621141725	-1.245303052923873	0.38485141272644796	-2.2704872477899016	2.4017048891710147	-1.3867680678011425	1.0285411978662182	5.853939389936897	1.2403286235266933	-2.376653593965841	5.15176221490384	2.6758042017434036	-3.672935112663879	16.378099843838754	7.102951734193482	4.095264004536148	3.7602954585509565	0.6724572753527127	-0.26636914825343183	10.021023138784813	7.253947206973294	2.3136167039537554	-2.3066514518444023	2.938648037515179	1.1609774694470048	1.2938695861107021	-2.9544915741074647	-4.688326269852325	3.1086826567477033	-3.182504884276284	-1.4036968984328269	-2.063417481144768	-7.117356152071181	-1.977647108349231	-2.22102333025731	-3.7240547924430416	15.028157378602373	0.7186700855684194	-3.0813065453389186	-1.588862750576709	12.89014488550356	3.864608834980743	-7.739514794501986	-0.3643292072288773	2.1915985806547837	12.079818508564358	-1.2787982064140806	0.5999199364340484	2.1191213498729553	-3.714851261302954	3.0245855468140803	7.840180943784617	-0.5860199340102099	4.107785907414666	10.922602630183121	-6.747453056056202	-1.9571870951526762	3.693315787100744	3.1614918628508804	7.045953025826975	2.3191687699591625	0.7054892007267313	0.8659065504500063	3.621939232806085	-6.656688183857568	5.188352543718395	-1.3121241694532273	-0.3443058491910165	-6.5945967707921795	5.195254852707592	5.279575264431003	2.2644493092464018	1.1004559871282709	1.4156987845902336	11.101652424468512	-4.159086438149586	-5.0919384071422655	4.164926509486236	1.5539109128904443	-39.283927798172954	1.825349154303808	-0.1473790038904781	3.0411087412180677	5.127184795907738	-0.05992541398074991	-2.7454194838166472	0.40313906159360613	-0.4590755353161171	4.428410959905364	1.6468631357507206	2.8082215160384862	-2.7072124908509636	5.083063019647568	-1.5974625055771412	6.31533172527611	5.07437386745795	-4.272343325884435	-8.57851231326282	2.29523483597103	8.450182854117543	-9.700371067096853	-1.2654350295957215	-1.2126568995911953	2.7431346185360326	4.046756764946849	-19.044847048604538	1.4287341479310385	-1.767373930735232	6.89390103941065	2.1043049581613786	-2.519162006001352	2.613136427322331	-2.4897330161691684	3.7742788312995685	-1.4671492020605683	2.22941985151283	3.2125904284425246	-8.22159304202711	-2.6412106622156557	0.7311000504887488	1.2412522195664337	-4.542701838220637	6.606627291104587	5.148492323332221	-5.154292721001468	0.7339083191319049	1.0285411978662182	6.174135140052433	-39.283927798172954	16.378099843838754	0.8985871427659367
-4	-3.1122698589845186	0.005645774965671535	13.47357055529983	-2.1242115471463876	0.22758036477887345	0.426241092963096	-1.0143941120673503	0.7449687180382512	-2.075877230962533	0.8451070988837728	6.991013864393892	1.5572257718453102	-1.1930663164777684	7.596826665302956	-0.39287232812819184	-5.174879783403242	16.91288772621226	7.1763504251768495	4.45033316810526	2.6757892509504586	-0.4210900391353789	-1.3135175888642152	9.573759312659774	7.564548175659354	2.447226157026023	-1.2729148609475374	3.117320356924779	0.4709667499478769	0.1597707035091389	-3.4865504380886705	-4.904690862863049	4.364068482936602	-3.086602609971692	-0.4094417901985139	-1.2128465204303893	-5.555419992880331	-3.706279054287961	-2.0002713418415965	-4.681018853273201	14.844217849125755	0.15408240895840208	-2.4870066702994222	-1.2641586340186564	14.664511780578948	1.5508036672261483	-7.66180935521237	-1.2091328387562612	2.014666510095992	14.297630840591921	-1.1605278520636375	0.922044434322288	0.8704885805892104	-2.837151934753763	3.7849562150075258	8.882904041944755	-0.9030057381087317	3.6736172443310124	12.021088176707224	-6.344889071411728	-1.1188905744327826	3.578998869880934	2.3373844049356762	6.166951453223646	2.438128744860933	0.4254594960522695	2.5563898640016305	3.480895714684152	-5.708479106801633	3.8161656302631854	-0.1978156802579747	-0.12059910760427783	-6.172919549647702	5.607708111288048	6.362124945893299	1.595912844156942	1.157331838413711	2.609809933331576	11.67941945908376	-3.577708763999624	-3.695654644756985	4.442807837340638	1.6101543251763246	-38.31922918335778	0.7373927047187294	0.9646625709197565	3.350740480516947	6.483622492927225	0.3078926442458396	-1.4908498303038868	0.3829821085139429	0.12296666124535705	3.446618088090247	1.656342724705837	1.5454733125536109	-2.8520093127773976	5.339456625308742	-1.121758219367905	6.231567600875053	4.707013919001952	-3.834451303871333	-6.892500338318484	1.275159903820338	8.663067794290441	-9.426228390223514	-1.0821052573500083	-1.1887453550921805	3.1270443764431093	4.75249342442595	-19.34112731959118	2.473057127173547	-1.4375824181253734	6.465492240802519	1.9966334540661705	-2.7690059485490224	3.0005298919001007	-2.3539293971053894	4.543605346181039	-1.2721609838397399	2.0906489974727265	4.574468735907374	-7.047548930052699	-2.4933653212492572	-0.7193875119505719	2.0639851154684266	-4.315310530751901	7.089116784204975	4.959769453602348	-5.3439583904963115	0.9045347001763768	0.7449687180382512	6.1899907318122525	-38.31922918335778	16.91288772621226	0.880556290490009
-2	-1.6517489932012381	-0.09052708134544218	14.861672231996636	-1.2304645776960683	1.7509072835187567	0.31296407336810717	0.46238074090575765	-1.232988625833741	-2.5302959905409352	1.5395361878889844	8.191250099207195	1.8196029806682645	0.1764393848312693	10.407264322432923	-3.3105298495987086	-6.477321627043125	16.940579643735077	7.75274888721691	4.890180081402946	1.538186738038462	-1.5310549842325827	-2.132175062854003	8.900807188064732	7.257597757045971	2.444006652132771	-0.15810089037250918	3.2723795944741596	-0.1310709351270134	-0.49296772621204354	-4.173010697891868	-4.332412915669124	6.385711471233719	-2.8996334701509454	0.2166780447244605	-0.34934614228927785	-3.903546333222323	-5.624552440638922	-1.7748225026085152	-5.481440501883299	15.766822790536708	-0.2509913823107013	-1.8503765502816805	-0.7522454073890685	14.58632981881209	-0.273638635108739	-7.569252364386102	-1.8897030580765204	1.985413741096977	14.770079214510872	-0.7253299075397308	1.7583860205825204	-0.20108450765224006	-1.362438853089941	4.753724770039241	9.084782115344694	-1.3083235736041843	3.0310272394619346	12.888026979259337	-6.422998501268125	-0.31096892021957956	3.3486063136380153	1.5687309068053423	4.886314357090555	2.4739268854563647	-0.030555727443697833	3.7901077691003593	3.3187138915206447	-4.743525984565508	2.443978716807976	1.3668957153310544	-0.08837797198486896	-5.562756235384256	4.450834107034382	7.330638958340728	0.45208998572451264	1.2237481550759526	3.7289044345198477	12.736353778181865	-2.6385602134497503	-2.193729006704757	4.626827027786476	1.5163821227456538	-37.013745892444604	-0.22762209406209877	2.4601176084624967	3.61288505780351	6.7622286416099655	0.4827095415827216	0.04511592114982932	0.4201133378712143	0.6006735088714663	2.4200937924376262	1.8045690247315633	0.6014704844371295	-2.998433065287429	5.719452843026545	-0.4287712202129228	6.143373642971994	4.401943307600561	-3.7213871204097586	-5.021171896470435	0.3735196456102585	8.764263100358562	-9.038633442066839	-0.7113603697444546	-0.7310100746831267	3.941335819912524	5.269951602823369	-19.218388441898526	2.895682515800104	-1.387438679365971	5.759935153345168	1.6493928533590179	-2.708011183232202	3.6738678626095407	-2.0098935621438727	5.319573025888872	-0.9557414839392209	1.7406931334153342	6.205777005001835	-5.8591166392715195	-2.1288753222329433	-2.144497907557252	3.4431204285767194	-3.7650876205669874	7.362880415086352	5.108761192862744	-5.053052262284609	1.103022915766815	0.46238074090575765	6.211529645076835	-37.013745892444604	16.940579643735077	0.8657919647190708
0	-0.7066090154065705	-0.20558408150719742	15.547164652431604	-0.4348943586777523	3.048324152083808	0.1595075981048808	1.9397737499496088	-2.548251501252537	-2.6953060010746412	1.8933019502123898	8.584627403076183	2.5147322092381614	1.6066971087561797	12.873533467865627	-5.193716451283876	-7.779763470683122	16.66032172667775	7.925989241299419	4.888684003466551	-0.27275628724999024	-2.305789661082372	-2.6722446203218055	8.111155191595628	7.698401678325297	2.456482233594329	1.1553526604141666	3.5116588239919224	-0.6451355857776662	-1.0593343867286649	-4.673771981638822	-3.4464703218029626	7.150636284793734	-2.7408708815962086	0.7551121157289344	-0.36815256763719617	-1.741164127747595	-7.5708880339045095	-0.45794295469221424	-6.027852373439316	15.711513294394933	-0.47997099191303505	-1.2300917723843554	-0.1505627137146348	14.32378388208815	-2.019522402706059	-7.1693212980081285	-2.514849594865211	1.9424782253080934	14.926718259377878	-0.4139462402265508	2.535622194386235	-1.6257896363368332	0.2900417571490266	5.328227052674322	9.411926742944843	-1.5783672124460963	2.2793854811891947	13.909705860508097	-6.188670211698934	0.44168043592424056	3.693315787100744	1.0218932478148872	3.012643195257624	2.3351402480710135	-0.21775790570671916	5.1111170354088244	2.940411121984255	-2.8520690290256425	1.3687350880015288	2.663598769925443	-0.05661713830278359	-5.486636851624667	3.3119749686011346	7.976380731153938	-0.6547785957432097	1.0296363787535938	5.246164218874128	12.899419484717498	-1.9677398201997676	-0.9045962896386754	3.8853984774667083	1.4165376227053912	-35.915204353482125	-0.9750456029260022	3.995481854021989	3.607093940485015	8.156091045169035	0.7005074254989268	1.3705407072376374	0.18459525451913805	0.7266211800863971	1.5072544988698269	1.7709595729815533	0.01970920231491391	-2.998433065287429	5.6814406344307145	0.27812187257057985	5.577965803264817	4.420581061994881	-3.3393321234258337	-3.1189573768050423	-0.20911536109088047	9.05435631108719	-8.309874190584708	0.16877573740174512	-0.1503011368507714	4.575419455030158	5.99435203330296	-19.680488123807663	3.285348139730104	-1.351566620099618	5.336080434600717	1.7012097647047995	-2.6466254258300523	4.265102955320799	-1.6658577271822992	6.3800621881562165	-0.3024561492351836	1.8849707673776948	7.046825103887443	-5.666440157860563	-1.6194676127644243	-3.256000840132117	5.013709308655962	-3.6978310366677647	7.99586427985912	5.2489237920189	-4.692943795203178	1.2874151802397278	0.7551121157289344	6.280016448796564	-35.915204353482125	16.66032172667775	0.8483239865264269
2	0.5194144630634696	-0.2194064960782498	16.71651480523576	0.3653633444461093	4.480535409182039	-0.2265540391899208	2.814464590032003	-3.8760313137877347	-3.1612669116490224	2.699101742171308	9.217628704998276	2.521547201675105	2.9893442050282033	13.936214915120502	-5.170682801786029	-9.204989312325665	16.04442205751758	7.919281281461224	4.196498611564891	-1.8691411108256943	-2.3441714191278606	-3.206204793655502	7.303509822811236	8.483878368969215	1.74416677594985	2.1424697579960252	3.6564857260684107	-1.3247494921175758	-1.3505403912015481	-4.36914220069275	-2.848587097329755	7.592113894914974	-3.095467526083894	1.3703618146290069	-0.16581558063478496	0.1530231572695584	-9.407337932725625	-0.08513042106460489	-6.372995429283776	14.957956864268567	-1.0016785918185178	-0.8952218145870461	0.24260482549482276	13.456994411399023	-3.206213496228088	-6.5582860347886935	-2.387565304345628	1.9330418482115874	14.966473606316526	-0.3668228959150497	3.171005378294126	-2.6637937887672365	1.5437706428897968	4.830700566078633	9.958959871265563	-2.2042627492011775	1.5404834137345915	14.14181597855304	-6.350897489092972	0.7434373064655233	3.438301125610394	0.5489942018710394	0.8695823530083544	2.1572510263429763	-0.346556098602548	6.082367038094333	2.2096817839105825	-1.437507286210348	0.6901062038174359	3.337076079190865	0.006444227123949986	-4.892180711787773	2.1821232630779264	8.998953174933717	-1.542321143796812	0.6157269577863644	6.247924989274395	13.534938957064185	-1.878297101099804	0.1418619473241165	3.222600051028735	1.2665220079887831	-34.811515009744824	-1.7390585186451517	4.286819072544461	3.327576011242627	8.75155970921935	0.7552668555158562	2.481086458618279	-0.09760208859637487	0.5693729041908	0.7448754491188652	1.8760968323020961	-0.24330670443890767	-2.943117425450282	5.523098388028302	1.0643955831502012	5.624277698967319	4.871810905225232	-2.7348557819273083	-2.2134511499780842	-0.37722900899990464	8.95316100501907	-7.652174012931255	0.16086038511809875	0.45773528040905376	4.211647532440281	6.831555475323796	-20.036105733016598	3.2572845719631687	-1.387438679365971	5.031932957988204	1.7065933399096025	-2.274400960563298	4.617579103968296	-1.3851969144504324	6.643961106255006	0.6168808847548348	1.9080992430509696	7.98944906012639	-5.363037256937332	-1.1832506661505704	-4.051944219918937	6.126209765378746	-3.7029553478220123	8.13803986716772	4.4024299845170844	-4.435357311632572	1.3607178173098977	0.7448754491188652	6.335854650283487	-34.811515009744824	16.71651480523576	0.8244353806071325
4	0.8188157402194065	-0.3077920765746853	16.87056632767758	1.1661418791371716	5.565822323054022	-0.6218133832039712	3.5451250656344655	-4.611436529310083	-3.6678390942459487	3.45249179156383	9.858199650880636	2.6033271109186558	3.266821528181538	14.297510295883342	-5.1476491522881815	-10.170833644199888	14.939887701855241	7.889241287403138	3.4773838168083557	-2.759968624674002	-2.311114298036614	-3.152442213274128	6.48558252698939	8.522361250985682	1.19685094408743	2.9390550133342117	3.585646480487526	-2.074919549298727	-1.4181356888400956	-4.116675053470317	-2.2199775401211923	7.924887538191172	-3.071290482141478	1.727626951917273	0.2388583933700943	1.907774964943826	-11.172007660175666	0.5113696327396724	-6.30590582404659	14.179227522436577	-1.6548850936179633	-0.5603518567897368	0.7340642495065595	12.537598783489955	-4.167481774903649	-6.043520650279618	-2.260281013826045	1.8386780772469251	14.98136324936462	-0.31877556446016797	3.5551905592618027	-3.513877722098755	2.861210698019704	4.128531109524658	10.365404141546094	-2.9189950718183013	0.9233727905018441	14.050361587381644	-6.2006870470614786	0.8183785754695236	3.127007366411931	0.2667951620765052	0.2264380390632823	1.8471840547240959	-0.5809456027913598	6.99530403621651	1.668103830605105	-0.12278966465470376	0.4216404791611694	3.6532089337967477	0.03774475886854134	-4.279600909150929	1.0945483797623297	9.584323122974297	-2.4157858720543572	0.31446841646175017	7.16812919925809	14.152340017573522	-1.8335757415497937	0.7838627174480735	2.618671298491847	0.9000936882994779	-32.809018952310964	-2.5993928741680747	3.403400246516071	2.951539460024378	9.278000581207834	0.7304701324893585	3.406541251435385	-0.6238046532027397	0.29139372452698353	0.09158449623629394	1.7942276549622989	-0.2827251090686218	-2.73975110251979	5.304591122722513	1.3025374365387279	5.597698697955536	5.323040748455583	-2.0930775274425173	-1.3079449231510125	-0.4565166514533985	8.587358713454307	-6.854778156046336	0.34495615919769307	0.9940370641718914	3.891249408995293	7.226571112102874	-20.690848554085733	3.143716687085032	-1.459182797898677	4.589211336951166	1.9266469764041858	-1.8400087537237368	4.733183731034728	-1.1135896763229312	6.8757028051948055	0.7383121664345254	1.9240689048254467	8.738824947750572	-5.255907882126792	-0.8934152452461035	-3.9422028262247295	7.287715030181516	-3.6350582250285015	8.564566629093406	3.72479348151046	-3.4050113773497515	1.4014605006432568	0.9000936882994779	6.314696202976119	-32.809018952310964	16.87056632767758	0.7921250018534496
6	0.6996419311860791	-0.4909877401147469	17.07596835760006	1.6682235099938794	6.450838515920623	-0.418011565898496	4.202843124890762	-5.050654446326007	-4.174411276842875	4.251740365701892	10.194926716079522	2.5453996752044645	3.533096350710764	13.957419610153977	-4.8223917307503825	-11.136677976074111	12.929965120801114	7.7226116763495725	2.8141225983435447	-3.4420955363278836	-2.278057176945424	-2.9178418625187987	5.763791248966868	8.48022781889648	0.7730836125056726	3.739694137656329	3.0362487758710017	-2.885870975718376	-1.3484920488488683	-3.8642079062478274	-1.5606416501774447	7.976614011239292	-3.1389862051800606	1.9428556451720738	0.5529424881319756	3.6625267726180937	-12.653987576917757	1.041233115572652	-6.0518960469925105	13.337104988872909	-2.4999084718758127	-0.26990770065265224	1.3212588329934079	11.512990841141232	-4.821166372596167	-5.526898821828468	-2.2582433784389195	1.924549108824749	13.715892486699204	0.3123076544565606	4.022123317668559	-3.679254097050034	3.8837081368167787	3.3118366881315637	10.522659365166533	-3.6332226399701995	0.2950512393491067	13.818814843409598	-5.996400845898563	0.7964688356942702	2.9247543590231544	-0.11368061755911185	-0.498841869749981	1.7183107485805635	-0.756931121612979	7.140789638232889	1.1212413010392197	1.1919279569009404	0.36537572426692577	3.478259044536344	0.005063321311638447	-3.7963032344867997	0.237098879183975	9.867044772971667	-2.7893280223256625	-0.07228737227893589	7.21390858930323	14.434874002161393	-1.8335757415497937	1.1514964447687248	2.0736122198558746	0.6335098686504921	-29.707981355914683	-3.399928204979801	2.8834402792118112	2.4573641155075165	9.742066942297356	0.5922284016164667	4.050021537066073	-0.6980671119173394	-0.28617695708015845	-0.162129310904902	1.7123584776225016	-0.4567097915724503	-2.538011710172725	5.120949360002953	1.5406792899272546	4.906241959510169	5.964081406175239	-1.3301259779773886	-0.12201150343702238	-0.5358042939069492	8.323501322817435	-6.417118860419464	0.22290653366366087	1.3458783617997483	3.4340172763432975	7.301636388873931	-21.089546696524508	2.725987495387983	-1.6744151534966818	4.242775975889856	2.225435400268452	-1.566705286054173	4.795940528585106	-0.7333395429444067	7.075287284975502	0.7961603334770189	1.826048222209863	8.10372189964886	-4.5563608842765575	-0.6274888068740552	-3.8246530735050897	8.404781152253292	-3.540899007569635	8.851186563082479	3.0471569785037786	-2.3400642736322084	1.3957125159639059	1.041233115572652	6.1725490182196125	-29.707981355914683	17.07596835760006	0.7506687718167296
8	0.37182228418384966	-1.0736706529471576	17.182846208097942	2.1726488829033883	7.169491374240749	-0.2313949374632216	4.618244004421115	-4.633095049713688	-4.007691318013485	4.84134996957431	10.323610663403542	2.4976947281457456	3.5022894739942103	13.40723933055449	-4.65985589760038	-10.923880605742681	10.910811900572753	7.456043185387557	2.0122248244402385	-4.021336546764246	-2.022474603139244	-2.6832415117635264	5.14327695226234	8.158523093739234	0.32195048933084536	4.003195621610416	2.072441484606202	-3.7017097929394254	-1.227298459648523	-3.572097157395433	-1.122791408700266	7.7632031231938186	-3.246171099991102	1.522543718950601	0.8670265828938568	5.417278580292361	-11.628683153754196	1.586948469914205	-5.895353634772391	12.435631111372572	-3.2606010326147157	-0.1035205000950441	1.70931292154836	10.580322461583421	-4.7687940161044935	-5.308368849218766	-2.1473960133759533	2.0722284103845254	11.958170124860658	0.722557946109589	4.46245864046989	-3.689950081499603	3.9812797878392985	2.3674750928196886	10.383414568866726	-4.122329716676404	-0.22268979550182166	13.104268727583587	-5.84619040386707	0.09660203446367177	2.9968619529616944	-0.1866949979426522	-1.2241217785633012	1.5894374424370312	-1.0265177295660806	7.082239106156123	0.7635301562415862	2.6232337448963676	0.32334974936901517	3.303840917857258	0.004142717436820931	-3.3130055598226136	-0.3507087587929618	10.069073363060511	-3.0593662020506827	-0.34639228137689315	7.130813225859924	13.943654738376097	-1.9677398201998244	1.2447631292860137	1.2971912060285717	0.2670815489612437	-26.58120473564395	-4.180530527554424	2.576994574797311	2.211048592224927	9.308772006584718	0.2818560850680001	4.377979579270686	-0.8381048912077063	-0.9792617750087516	-0.40664930761300866	1.5331080682890956	-0.5871983034504069	-2.206117871150184	4.759959246583094	1.7753446199086511	3.7862995077825303	6.496238340854518	-0.4566588229565127	0.9663586977623595	-0.5854832678753041	7.744064496220062	-6.146206141447408	0.284952682209223	1.3151349474438803	2.7498472303084327	7.009784233559003	-21.41508921649745	2.5318114903281526	-1.7604309515224372	3.8963406148285458	2.5975750362976555	-1.2437458235433496	4.858697326135427	-0.47078587942098693	6.595375742525562	0.8410425320445256	1.7662996600536758	7.474967342631771	-4.08905785955568	-0.4347531313567856	-3.7090554105417937	8.809907857560631	-3.2231917160076478	8.926811875480666	2.27129629183662	-1.2751171699145516	1.339060408455059	0.9663586977623595	5.917495618649963	-26.58120473564395	17.182846208097942	0.7002799071895586
10	-0.08763858571984429	-1.5666052120155314	17.191199879171393	2.476814518194203	7.501800464682958	0.053733970833491185	4.7183852878793004	-4.231427944046857	-3.690068422089837	5.293383999209766	9.724794850334092	2.2370212674320555	3.371521822477007	12.575036607009679	-4.381037285533978	-10.674248036010567	8.792085615209032	7.13950525447126	1.1554708595361376	-4.100792049908364	-1.5525753919228578	-2.4486411610081973	4.925300099070341	7.5624186881169635	0.06237790730779125	3.8937411590448505	1.2467707222241415	-4.008371350311165	-0.9347268936071487	-3.1360175394657404	-0.8424136224912218	7.096401861537231	-3.3533559948021434	1.1957149625266652	1.2811037695726668	6.206658080794853	-10.7088335502591	1.924828175587777	-5.76918898214916	11.940611120903725	-3.96755056388389	0.06286670046256404	2.096514768327552	9.634381330376812	-4.517185023012189	-5.093551764493213	-2.145358377988771	2.129790310672945	10.143271533716984	0.9544787190936859	4.483145534829703	-3.5902305957081353	3.4386210163992814	1.4231134975078135	10.244169772566863	-4.432248958263244	-0.4647439210472726	12.051510376645183	-5.55778635516657	-0.7969667843256616	2.7049141336004254	0.053605494458793146	-1.9494016873765077	1.6384533580215361	-1.1321090408590635	6.625473697703114	0.4058190114439526	3.5497375782002223	0.38030486935394947	2.8598191624394076	-0.12336091922884407	-3.288840676089478	-0.9627783531569776	9.201573645657561	-3.2329393211275033	-0.6340740065880937	6.953081476272757	13.488672298265385	-2.3255106965997925	1.4294854947378326	0.6619750743553823	-0.09934677072806153	-23.259841094882177	-4.667153128645452	2.129156247694823	2.002182294269005	8.513704907657313	-0.1589056667282307	4.2599840931864605	-0.97814267049813	-1.5724827589562551	-0.5466781126693263	1.2513057420774203	-0.7632218689522574	-1.874224032127529	4.3989691331631775	2.0720079506506295	2.807709015981686	6.910192675296287	-0.18766800943421913	1.6384949321485465	-0.7306783491268902	6.798075783198044	-6.313760207577616	0.10749559069006409	1.0726035675256753	2.02230338512868	6.285178706694865	-21.704053925237474	2.1617306541163543	-1.6022853138966298	3.5616157448453123	3.0538330349012313	-0.9082746143009217	4.5142427230395015	-0.3168751111488177	6.030527197296806	1.0001249914113828	1.5925607535074846	6.839864294530059	-3.2507900508194325	-0.16882669298479414	-3.5934577475785545	8.654370858002324	-2.9471194525737587	9.003193441002793	1.5936597888299957	-0.3639530414630485	1.208970543894504	1.0726035675256753	5.613773967868164	-23.259841094882177	17.191199879171393	0.6418510601730015
12	-0.4253588260880292	-2.204967146922911	17.05385569887636	2.7801989061341033	7.684699913808004	0.3262765436197128	4.3326558997439975	-3.9284899378822047	-3.31772718070431	5.417857137805072	8.73886907301869	2.117758899785258	3.040832621358618	10.682599131790823	-4.230018277132899	-10.436893866078606	6.972078525251277	6.573120123783951	0.5201364292171888	-4.183176352811756	-1.0964314928382919	-2.124843801892837	4.712464209397069	7.030655227526097	-0.1698288831220225	3.658616757978109	0.2829634309592848	-4.319920298484249	-0.5564663391452314	-2.6999379215360477	-0.4672963103484449	5.976210226269529	-3.4871356379497342	0.846421258321925	1.6951809562515336	6.880218785731756	-9.86637655951796	2.188145374535793	-5.762854896105523	11.30575737865081	-4.513271006743935	0.08633693530185838	2.187136477148215	9.016865044762767	-4.157228985537529	-4.978717446362111	-2.0160364520820053	2.2062249651543198	8.492456808964391	1.0958487520281892	4.199439555038225	-3.269680169434423	2.6041383571979395	0.47875190219593833	9.808424956346812	-4.7870913472461325	-0.5962175302909145	11.220909201796644	-5.215306547334649	-1.7624891803314995	2.442864584896654	0.2939059868602385	-2.492325504831001	1.5536393018415993	-1.1440992630205642	5.9064779143504325	0.15325271155109021	4.176709047725069	0.6494609591009066	2.191659478987333	-0.18734288853039516	-3.3117973156359994	-1.3294680413066544	8.468628125950488	-3.1065588934126254	-0.9353325479127079	6.3756456404928485	12.44783424682629	-2.772724292099724	1.3802865640701043	-0.13791147382403324	-0.5656195904576293	-20.842431972591783	-5.135514522190135	1.609196280390563	1.4821399590625788	7.78766560079157	-0.5618524159091294	4.011557322239582	-1.1086324193823884	-2.2447005070977752	-0.40541167928552113	1.0694699903017408	-0.9392454344541648	-1.5049107896857663	3.9239423939558264	2.078960997464833	1.829118524180842	7.143655072445938	0.18118072021917442	1.9993178958303588	-0.8462647618933374	5.897812356621785	-6.50755768165601	-0.13660366037805716	0.44748747562374547	1.251385740804153	5.560573179830669	-22.082837481560546	1.8771541350157577	-1.4800117355371185	3.007319167147216	3.4313562461351808	-0.5231474102171774	3.934804020845263	-0.3621429841700774	5.465678652068107	1.059469231739456	1.4793964261057226	6.011513177813583	-2.40892519738145	0.0	-3.4817642641279463	8.169497197931378	-2.535893482447193	8.654560750847224	0.9016759331537969	0.032038119847129565	1.0069344218116822	0.5201364292171888	5.320625762840395	-22.082837481560546	17.05385569887636	0.5767581372392938
14	-0.8848196959917232	-2.7788893744638017	16.817987339156787	2.882802724887995	7.551826387069241	0.7408994807268527	3.8739840952626423	-3.6096596407720085	-2.725657583323084	5.44406200908827	7.848744058511727	1.9933852878107245	2.415862346150618	8.788530526184672	-4.241720857119731	-10.286504638180304	5.360448204738248	5.956765553142304	-0.08776990560136255	-3.562932145746913	-0.8051294794638579	-1.9831060899782074	4.500913560603351	6.181598123115862	-0.4982183822394859	2.8863547165433943	-0.6808438603055151	-4.660793591465392	0.010583102155521829	-2.3556645389599566	-0.723349083142125	5.027029445836604	-3.4629585940073753	0.7456913311756921	2.408062017097052	7.019654263074642	-9.018307127393882	2.310263495787069	-5.756520810061943	10.416409044535328	-4.897762361194793	0.1659680892211668	2.281167153071806	8.569955133081748	-3.9056199924451676	-4.863883128231066	-1.9955242558510236	2.230287726750362	7.761524231728856	1.3240735764387637	3.9157335752467475	-2.927079559833885	1.8467328469778295	-0.4787519021958815	8.935591262166326	-5.141933736229078	0.06726556751999624	10.030405890028192	-4.818750980371362	-2.7501702904282297	2.2933732316092232	0.43592973942054414	-2.7707576360585904	1.3349952738972206	-1.2144934705492574	4.973826132608053	0.11097610146805437	3.40028147122149	1.0175981437308224	1.6128359092002142	-0.25132485783194625	-3.4229557808087634	-1.8354823772122018	7.688529448986401	-2.8872328599984485	-0.925792082535736	5.602397119561829	11.126484354977663	-2.951609730299708	1.0479674066152143	-0.7142579315962507	-0.8874513637680366	-18.28912080424425	-5.54574869171455	1.1499553224261376	0.8381677132391019	7.031686528694195	-0.7587797246113155	3.405384432944345	-1.3239935496547446	-2.6068932184023197	-0.2641452459016591	0.785082321647792	-1.0697339463320645	-0.7630304436352731	3.566098986545512	2.078960997464833	1.01402915981663	7.277552623752342	0.024095645655734188	2.1699194075457626	-0.7345201897804827	5.139971953400504	-6.98155400367267	-0.37278755916253203	-0.3894165818405213	0.48046809647956934	4.4501813534953385	-22.405128640534997	1.6353297744707334	-1.3218660979113679	2.399024213922189	3.5942093960792363	-0.4234444284493293	3.3553653186509678	-0.416464431795589	4.49921440234192	0.8904129504687148	1.2976726886723213	5.151419605674278	-1.8172895405812142	0.12100872791972961	-3.473955905102571	7.649011348137719	-2.2079375685767673	8.306684313815651	0.09270597109542678	0.25630495877680914	0.7709858159668461	0.43592973942054414	5.016312249596395	-22.405128640534997	16.817987339156787	0.506708118815048
16	-1.3791159869974194	-3.3629350605638137	16.200962262029293	2.8835839722389665	7.168238638287789	1.1647201245532983	3.5593426552612186	-3.3418815703274163	-1.9420737768251115	5.077193811123209	6.750575926130011	2.0070152726846686	1.9048559715234887	7.454428982501213	-4.578866613882269	-9.938644870046005	3.938733375321533	5.550302073670309	-0.17005419210266837	-2.9514743379596666	-0.6347410969264047	-1.5737773529833703	4.195797375769814	5.036694356563373	-0.4442916752765882	2.170846840883428	-1.2908484750301454	-4.9066737795985205	0.663321531876818	-2.499633408037198	-0.4711371019403714	3.9969672711829958	-3.255036016103304	0.24856377705856403	3.013897576520094	6.996037581297287	-8.036720668686712	2.5498028874722536	-5.780564483615194	9.891252469630217	-5.097869385816125	0.24559924314041837	2.279462669520342	8.490803472564266	-3.554392681052491	-4.6620611510999765	-1.9216260124757127	2.154796709978598	6.973415425188307	1.4617476607998015	3.5758774536215583	-2.5183284002528694	0.9619049979795591	-0.8486112148726761	7.8595354328455755	-4.961736392179432	0.4871657768873092	9.10778694993536	-4.344085983551736	-3.751793962200111	2.068256840776371	0.7005683586165219	-2.661494688756875	0.847039080550303	-0.9104833215517942	4.235471856905519	0.3788494498392083	2.507265728278014	1.258276673485284	0.9430809380041296	-0.3153068271334405	-3.7636806414470243	-2.014323504831964	6.84115367317429	-2.6731860090079067	-0.8131412028931209	4.551779353062898	9.597096270068619	-2.9963310898497184	1.039214222631415	-0.8278805189855802	-1.3035530688213157	-15.536074810630794	-5.643741932209082	0.82640567171876	0.43626417133128825	6.410436400138963	-0.951780885501023	2.929642828511817	-1.2104780770481511	-2.927351790132775	-0.04137214694844715	0.4955239681092394	-0.974586073087778	-0.20662018409740313	3.1512372662414805	2.078960997464833	0.1989397954525316	6.960220331828339	-0.3646783294436773	1.808100118772984	-0.8367263988914146	4.687216658103125	-7.315047156982473	-0.8755400961427995	-1.3527102316566015	0.2068000780656689	3.1517161424630444	-22.65101281604518	1.3409608615110074	-1.1637204602855604	1.8600163329094244	3.3903064851989484	-0.32374144668153804	2.7367625999403344	-0.4436251556083448	4.244403394005417	0.5565392622364129	1.0171022516349808	4.4718771199804905	-1.0221862682649885	0.21810847330692695	-3.368118690921108	7.070693737255851	-1.6410606471406481	8.027626911066363	-0.005518212565164049	0.39470963651632474	0.5805141104002427	0.39470963651632474	4.707303574894115	-22.65101281604518	16.200962262029293	0.4336173925262068
18	-1.6858510370169029	-3.752298851297155	15.631110856845737	2.8846256353734816	6.801604582735763	1.6103248106095407	2.8564992028416327	-3.5677489973936076	-1.1725970437664728	4.729979266620603	5.644838149788029	2.0189415094493484	1.2966894472517083	5.765556579603754	-4.997373164838734	-9.690028443745575	2.7346259545238922	5.080550451376894	-0.30769336225017696	-2.437044831871617	-0.5000721539574329	-1.392939582609472	4.093235153572152	4.235702828110448	-0.32154805121922436	1.3945309304647822	-1.7694069340656142	-5.057560862883804	1.0924492547637215	-2.512152440130876	-0.21892512073856096	2.9669050965294446	-3.229247169231485	-0.11957149625271768	3.4197469521092216	6.809368740399805	-6.861061894791305	2.640217265706326	-5.8046081571683885	9.548191774330405	-4.975518233619084	0.42120689309922454	2.277758185968821	8.779410063210491	-3.3289698662059664	-4.365825739200602	-1.7573926002685312	1.9891882919355908	6.210172322538199	1.6437731280422554	3.3778743218921363	-2.3083579978271587	0.23123144694369557	-1.0908033536306903	6.861435184464824	-4.737120655198794	0.7083268094909272	8.16582550000544	-3.899463075138442	-4.501704600872017	1.8431404499435757	0.8912683647659492	-2.2285873561716585	0.4912606370941148	-0.7000742616860407	3.2154099501965447	0.5521471058262364	1.203710803509182	1.6826786130093865	0.45146643155652555	-0.4423501618616683	-3.934043071766098	-2.0053160719217544	5.798654581348671	-2.5714417659361857	-0.8986384503091926	3.45384339349215	8.049589773322339	-3.085773808949682	0.8475496767786694	-0.8669897429057869	-1.6086611372396078	-13.635505287739818	-5.447755451220019	1.264836828360103	0.05598080074605605	5.999596288350119	-1.1408558985781383	2.171926716892756	-0.7023106809867272	-3.1375129929884906	0.17220714157173234	-0.10427547850639485	-0.9249732534675559	0.38720947885968826	2.619192214140355	2.0754844740577028	-0.6890404656260785	6.633569162707204	-0.8533102206741887	1.5722776338008089	-1.1003561540835562	3.9900934385228197	-7.578288725938876	-1.4449347926719156	-2.5277918470350755	-0.0668679403483452	1.9943572440496382	-22.634349590927968	1.0465919485512813	-0.9122303243537999	1.5135809718481141	3.0343175747839837	-0.28620620648655404	2.171007710745755	-0.3711965587742725	3.9574351665098675	0.32240379304283806	0.9716713172766163	3.9111783873900663	-0.12714771054152152	0.33911720122665656	-3.262281476739588	6.149646847503959	-1.0485621699333478	7.393886793169656	-0.08498047350400384	-0.15378297526604	0.3844602131501489	0.32240379304283806	4.437361048496439	-22.634349590927968	15.631110856845737	0.35951118019461054
20	-1.4957229755284516	-4.161909559148626	15.12554995943293	2.7856676375905067	6.7282777716254145	1.8509174547919542	2.274814340285104	-3.777724133514255	-0.4031203107078909	4.45482811814685	4.3083483236904385	2.0990176705836348	0.7912843229366331	4.707768523510424	-5.2763775321429875	-8.920638508675552	2.4266761199438065	4.524178652042281	-0.47375801318912636	-2.0255012270011434	-0.30771964398360296	-1.48213659096956	3.891966431815888	3.332648003874681	-0.2949871358493965	0.5878110026668537	-1.577353868268517	-5.038011299678374	1.4700270284413364	-2.564315073854573	-0.061452665470483225	2.0150596190001124	-3.111585555378781	-0.5101717173447469	3.319753860192179	6.506881103936735	-5.257971400838869	2.5894325662437154	-5.828651830721583	8.946594639373018	-4.853167081422043	0.42120689309922454	2.1803185429422456	8.936743685494775	-3.0039287330591264	-3.8714812380543435	-1.620871029327077	1.833016250988976	5.693055019474627	1.1974873377980657	3.2626187676018503	-2.076337412074679	-0.6535964020545748	-1.2823041145090315	5.722746078043883	-4.333821837563846	0.9294878420945452	6.982364364148509	-3.593033773394154	-5.154764230764556	1.5916432320600507	1.2785218505974285	-1.6634341804730184	0.17954144360163582	-0.6184633947159455	2.6325174320771794	0.7254447618133213	0.005581348393377539	1.9796218976580917	0.4065324934333603	-0.4110496301170201	-4.198648548644655	-1.972046682624466	5.0520958070359825	-2.5696820384616785	-1.09678657736805	2.6544352211067235	6.66045760861806	-3.085773808949739	0.6963308776097961	-0.8982771220420318	-2.0136137056981624	-12.034538002747752	-5.2517689702308985	1.3426597839928718	-0.20616377654062035	5.578776254817342	-1.2164859038090299	1.544641890136404	-0.5803080702413013	-3.142729760435259	0.4856807165273267	-0.4067605442565423	-0.6517629317232831	0.6475183722107545	1.9889699345401937	1.9995803796686573	-0.625009235915627	6.316236870783257	-1.2474130404859807	0.8015818558089904	-1.2980784704777193	3.313209280156059	-7.578288725938876	-1.7669108968527212	-3.689209722699843	-0.20370194955529541	1.006407959332762	-22.561193968462135	0.7522230355915553	-0.6464685089289333	1.236432682999066	2.678328664369076	-0.17438247007243035	1.6581006510672864	-0.38930370798277636	3.5649073717747797	-0.018700916069803952	0.8273936833143125	3.8431225629633445	0.07194089403333237	0.2659264383719915	-2.960386552245893	5.215207339394794	-0.7212467949572101	7.042229090518106	-0.24390499538185395	-0.7368767564832979	0.21912939345397398	0.07194089403333237	4.193849127540481	-22.561193968462135	15.12554995943293	0.28643796031421703
22	-1.2845103170571974	-4.17203301770769	14.602872226193199	2.4843665759197506	6.561914437078826	2.0743249101042807	1.620187061382353	-3.857185588241748	-0.01838194417859995	4.232086712239493	3.038682988897733	2.1007214186928422	0.3886405985782062	3.6499804674170946	-4.544130384397647	-8.052005231771659	2.019153220228361	4.054427029748808	-0.556540992335897	-1.6139576221307834	-0.057683567004858105	-1.48213659096956	3.5919912105009644	2.569378826173079	-0.32315780366582203	-0.12364300400923867	-1.3616877206110303	-5.123229622923645	1.710365864489404	-2.6561213092081744	0.3175054382642202	1.3283515025644306	-3.0857967085069617	-0.5326366651254943	3.3209292617764277	6.1228673879136295	-4.353777554885653	2.5894325662437154	-5.897421907766272	8.404348848352356	-4.761403717274277	0.5452638486786441	2.082878899915613	9.041471150559119	-2.795963370376512	-2.9772056705300542	-1.3940142895536383	1.6862805871389241	5.471794923778532	0.8399043133167083	3.2626187676018503	-1.9106319299095844	-0.7676527612406403	-1.4099712884279256	4.521423694522923	-4.020874069186277	1.0512792863164009	6.161152757182094	-3.2325287125184445	-5.2018203764182545	1.3401460141764687	1.5120446368030116	-1.0982810047743783	-0.22194847169168952	-0.4080543348501351	2.3410711730174967	0.8147358779370393	-1.19254810672237	2.389785057185975	0.27173067906403503	-0.4428104637991055	-4.375052199897141	-1.9387772933272345	4.23825993387544	-2.5679223109871714	-1.195860640897365	1.9431235220014287	5.807517194223806	-2.4596747752497663	0.5855578251249085	-0.9217426563942013	-2.218877274076135	-10.318259890798004	-4.859796008252772	1.2790901169375388	-0.29110016387949145	5.296011805408	-1.178670901193584	0.8626973896792833	-0.3925301389200513	-3.037649159007458	0.780766670616913	-0.6092790355707507	-0.335056439352968	0.8704078621425992	1.6342732331394245	1.927152808686742	-0.3423053160620384	5.818412641567136	-1.6575023944347436	0.0	-1.555018123842217	2.5141411596478633	-7.5080371415855325	-1.9160259205177113	-4.55344125959158	-0.07022424623448842	0.31954016723881296	-22.654264177043615	0.3198052531059261	-0.4524508120368296	1.0825698418892102	2.1756373296244647	-0.47192744703454537	1.1451935913888178	-0.298767961940257	3.1402223578806456	0.024685209212066184	0.7285469837103733	3.5754701788372927	0.5996117124431066	0.2898354209044669	-2.7604246624210305	4.245155641562917	-0.44069075926336154	6.407732719497403	-0.18761922721682822	-1.2174485541897866	0.10944832640086499	0.0	3.9715922458065887	-22.654264177043615	14.602872226193199	0.21639525493525616
24	-1.0186610507522005	-4.082284663943653	13.998787149355906	2.2838464225173993	6.302514579096055	2.019380714702436	1.086718372342716	-3.9048624610782667	0.3389972496196947	4.06175504889859	2.563341905803327	2.030867746214028	0.08595764902037217	2.946147705344231	-3.7537418471939645	-7.282615296701579	1.6023996813387384	3.4980552304141384	-0.47375801318912636	-1.7021995245524977	-0.057683567004858105	-1.3917177057826393	3.192024248747771	2.00506462743391	-0.4193405123534717	-0.8695548970485447	-1.1224084910932106	-5.223110118573004	2.0886264189513213	-2.6164777075782126	0.6964635419988667	1.0168170626155302	-2.849667579336767	-0.403644384319648	3.319753860192179	5.552184830993042	-3.4551961503153166	2.6639950729692714	-5.988555186556596	7.438559954184484	-4.615897323656895	0.6693208042581773	2.0854356252428943	9.080319706754892	-2.68761632599427	-2.184769313542404	-1.1763948302021277	1.430554767824674	4.9223670953003875	0.614451450336162	3.2626187676018503	-1.6455360691668375	-0.8179979510376256	-1.396829079347981	3.382734588102039	-3.6180800060164415	1.261229391000029	5.260223718896896	-2.9260994107742135	-4.858733769482683	1.37004428483408	1.8438441628495639	-0.45099223420749013	-0.5793791370214194	-0.19764527498426787	2.010789165501137	0.8041667254162235	-2.196570667712251	2.5877472469517784	0.09252668915291906	-0.31622743100831485	-4.5514558511495125	-1.7419212998871103	3.8817504980448234	-2.4661780679153935	-1.2949347044267938	1.3199082961763793	5.094832700034431	-1.8335757415498506	0.5152305193238362	-0.8706948272772479	-2.418566274156774	-8.366212320158127	-4.2718365652855255	1.1433988096805479	-0.23627758659711162	5.082275148060376	-1.0860964685612657	0.21863869480307585	-0.27052752817462533	-2.927351790132775	0.880660957052271	-0.6118643780130242	-0.018349946982709753	1.1307167554936655	1.1813993042395623	1.7133466191481261	-0.1324922929228478	5.438791012588581	-1.7680179999904908	-0.1358067739261628	-1.680142899610587	2.030652475100169	-7.4377855572320755	-1.6098805209040847	-4.908698492147835	-0.07022424623448842	-0.20735244485126714	-22.69084198827653	0.02543634014620011	-0.5025945507961751	0.8207102497254937	1.5942112075101704	-0.6826721810457457	0.8946382568080367	-0.2897143873360051	2.6627575603667424	0.06084031361365305	0.6145566393203126	3.288772321457543	0.8562530322446378	0.1927356755173264	-2.5604627725961677	3.8357676485965726	-0.29528843026218965	5.49191018635554	-0.051871198112849015	-1.56089719895067	0.04379679075932019	-0.018349946982709753	3.75856572441209	-22.69084198827653	13.998787149355906	0.1512648599570458
26	-0.8087318025320087	-3.8825410392974504	13.5061662522333	2.0841075164660197	6.079778126668373	1.947251330430447	0.5050335097861307	-3.9525393339147854	0.7237356161489856	4.081408702360989	2.2292194492789577	2.173982587390185	-0.21112405022535086	2.8750304204627355	-2.9401339052546405	-6.513225361631555	0.995730651352801	2.9416834310794684	-0.30769336225017696	-1.7933702267333729	-0.18680601314650858	-1.3012988205957186	2.690780305676583	1.5805360752287356	-0.488157429447881	-1.5202008689660147	-0.6977665689720993	-5.218222727771661	2.415337024204007	-2.6164777075782126	1.0754216457335133	0.5647590375526192	-2.4684761865125893	-0.3326261623029154	3.5185646424419588	5.097321069637985	-2.4567723674593935	2.821046022174528	-5.862390533933365	6.150841428627416	-4.19424323606205	0.7091363812177747	2.187136477148215	8.501651977336621	-2.6614301477484332	-1.2904937460181145	-0.9772499316944732	1.1653925714138609	4.233721104321717	0.4786253402618854	3.3749190512692735	-1.6786113441571047	-0.8046319714455308	-1.256019696349199	2.493234528341304	-3.125944402519565	1.5817600119855229	4.35929468061164	-2.649712197436145	-4.515647162547168	1.456221653199691	2.0588822957934667	0.10511849067995627	-0.8910983305139553	-0.04564020048559314	1.7679172829513732	0.8987424178003494	-3.294856001568405	2.785709436717582	-0.04227512521646304	-0.2844665973262295	-4.633616455842457	-1.4632720043755398	3.336825726730922	-2.266209036720909	-1.4795060153722943	1.0490789634721978	4.382148205844999	-1.2969194269498985	0.48534896020657925	-0.7216681003390022	-2.3187217741164545	-6.11456251161934	-3.6838771223183358	1.0769784849097732	0.07065163128640961	4.799510698651034	-1.0313370385443932	-0.18133129846762586	-0.14852491742919938	-2.817054421258149	0.7761697654004251	-0.5144831460193586	0.16379026751349102	1.3536062454254534	0.8488554131463957	1.3685913812742	0.08175056371834444	4.769793723277473	-1.8785336055461244	-0.36672427383552986	-1.5779366904995982	1.424979828410983	-7.244795572629073	-1.2291776094579632	-5.065831498855459	-0.07022424623448842	-0.5931387443224025	-22.876982405439662	-0.0026272276207919276	-0.5743386693288812	0.6434264264594276	0.9394338732309961	-1.092040894422098	0.788942597775872	-0.18107149208498186	2.185292762852839	-0.017204842784224184	0.6376851149937011	2.9022761842281284	1.112894352046169	0.11954491266266132	-2.2624720276152175	3.3907674659074587	-0.2485290909799005	4.85741381533478	0.378549381972789	-1.6813605295757839	0.009801234707032869	-0.0026272276207919276	3.5613013957621	-22.876982405439662	13.5061662522333	0.09275670729308094
28	-0.609986557928778	-3.677735685371715	12.323876099139	1.8848894419818976	5.837331961915027	1.9736342260198398	-0.0030907803536592837	-3.9014871072491246	0.6963764434179893	3.9634867815864823	1.8282725014497032	2.247243756087471	-0.31108482502600054	2.733611415893222	-2.0451651691214465	-5.656870484527872	0.4886346865021096	2.3353421917905735	-0.22491038310346312	-1.9903556298910416	-0.18680601314650858	-1.2108799354087978	2.089544622167068	1.2580708188063454	-0.25434088657141274	-1.7938370253799008	-0.1889046548824922	-5.208447946168974	2.65635864103632	-2.5246714722245542	1.0434150491342962	0.3155314855935103	-2.0349011984800427	-0.3550911100836629	3.813842311855808	4.66607399006017	-1.4583485846034705	2.836897893683158	-5.758589083055824	4.778598647427998	-3.6882583309482015	0.8730089137569053	2.088844592345822	7.975590405138178	-2.5530831033661343	-0.39807462243595637	-0.8869147628625456	0.8006765966354124	3.627117046538558	0.4315019959503843	3.4872193349366967	-1.7006615274839305	-0.9320543102236911	-1.192186109389752	1.6816900495205687	-2.723150339349729	1.3830208352218847	3.397990720844632	-2.427400743229498	-4.100606978395092	1.347180901390061	2.083220422587999	0.528983372453979	-1.2044697458800329	0.05917754808729114	1.6221941534215603	0.9933181101844184	-3.8939207291263074	2.6019860269480546	0.0909314014089091	-0.157883564535382	-4.627575234909159	-1.10282940679258	2.6506387771909203	-2.164464793649131	-1.6233468779778946	0.9952208575365944	3.8097196318603324	-0.6708203932499259	0.7385876278765977	-0.5059498547157091	-2.218877274076135	-4.088386552220982	-3.1158506875881358	1.0105581601389986	0.4150300744965989	4.171607288933217	-1.069152041159839	-0.2782148470906236	0.04880104429815901	-2.612109985849088	0.6762754789650671	-0.517068488461689	0.21136420413557744	1.2608712021691417	0.5163115220531722	1.023836143400331	0.4417752137882758	4.191042402612425	-1.400559403740317	-0.5025310477616927	-1.0936660522558554	0.9414911438633453	-7.174543988275673	-0.9230322098443366	-4.840379793579302	-0.3405359587622456	-0.44259799801096733		0.10735807413823295	-0.7536989656605897	0.5894280509324403	0.3526241759118989	-1.2781531270554751	0.5912350927112016	-0.06337502222964986	2.153135543693736	0.004488219856682463	0.7596602902709719	2.40328478497986	1.4127002082677222	-0.14638152570933016	-1.862548247965492	2.9813794729410574	-0.20176975169761135	4.222917444314078	0.827731884780178	-1.6134397154999078	0.1721868564050534	0.07505447474810012	2.681203278726578	-7.174543988275673	12.323876099139	0.042361209335009864
30	-0.5106139356272479	-3.3781202484024107	11.33863430489373	1.385932800528849	5.761249131708155	1.8797207995180543	-0.46299889697644403	-3.7040289082448226	0.7378426895884331	3.8455648608120327	1.7690176541050278	2.3188011766756063	-0.5082057494711307	2.7344269810868695	-1.1269770282524973	-4.899758949258057	-0.027691917522815857	1.815621129542933	-0.16955549945714665	-1.9903556298910416	-0.35164789885646996	-1.0764734844552208	1.3883171982192835	0.935605562384012	-0.15735330166046424	-1.7289751216373475	0.09760073835587946	-5.0987926689169285	2.296874558140644	-2.4725088385009144	0.75791620746935	0.25322459760371885	-1.6537098056558648	-0.13261565948027965	3.9091337974358566	4.071774751362227	-0.6708344410845939	2.9273122719172306	-5.279266816736936	3.5673206819232632	-3.519596695910309	0.9409049502564812	1.990552707543543	7.081770581776084	-2.436007332901852	0.10183921053658196	-0.6877698643548911	0.44539699895335616	2.938471055559887	0.4296540216636231	3.9068677633782727	-1.623321332233047	-0.7912659918534359	-0.9237095524720189	1.2139565638802878	-2.45462096390321	1.3830208352218847	2.994708780309452	-2.259165048154159	-3.5887157854637053	1.3770791720475017	1.9294897229619323	0.8115599603032706	-1.4264182175717224	-0.17521195610152063	1.4764710238916905	1.0931783788289522	-4.393141335424559	2.0080994576505873	0.22466969061559894	-0.0313005317446482	-4.533332188349675	-0.8241801112810094	2.1864070657856587	-1.8662709743318828	-1.6545368609408797	1.1648738912334693	3.2554094697130154	-0.31304951684995785	0.9513805488626303	-0.3647449725615388	-1.8194992739149143	-2.06221059282268	-2.7438107338471127	0.8055958703957344	0.4366502458191235	3.543703879215343	-1.0522076137583554	-0.33721259013276494	-0.09229762725959745	-2.501812616974462	0.5809780977461401	-0.5196538309040193	0.12233297988558434	1.16813615891283	0.24393264986326813	0.8204595240831054	0.8062296973602088	3.621609959144564	-0.9225852019344529	-0.9521035849235773	-0.704911521295287	0.676884158366704	-7.0780489959742	-0.9151168575607471	-4.614928088303202	-0.6542214704348339	-0.2920572516995321		0.21734337589720099	-0.990531701031955	0.5084304876421015	0.06460290245712486	-1.414609364847479	0.5247034501954317	0.045267873021259675	1.9832615381361052	0.01895026161730584	0.7827887659442467	1.9042933857315916	1.4162972529693434	-0.29129923616159203	-1.5704137722536302	2.478547529163791	-0.20176975169761135	3.588421073293432	1.2581524648657592	-1.4250555707989747	0.1487561105901463	0.08110182040650216	2.4517170972530415	-7.0780489959742	11.33863430489373	0.0013102782544007208
32	-0.3006846874070561	-2.8483908111097094	9.745130598274443	0.9869758199932903	5.183320278765166	1.8155788973970175	-0.43765449807659706	-3.22627570167964	0.8481343546601465	3.400082048997376	1.7690176541050278	2.390358597263628	-0.5026044991590197	2.736873676667642	-0.23200829211918972	-3.9318823305203523	-0.42598417806391353	1.3825202443366038	-0.030918944018651473	-1.8933273281917877	-0.5164897845664882	-0.9860545992683001	0.6870897742714988	0.795819915849961	-0.08773150834269927	-1.6985711042580647	0.03699382824777331	-4.789376400366223	2.0230794636655105	-2.380702603147256	0.5044239624036209	0.19091770961398424	-1.3514967563766618	-0.003623378674376454	3.904432191098863	3.466799478436201	-0.3769197476107138	2.8844535082088782	-4.3573341297397405	2.3560427164184716	-3.266604243353356	0.8566635716366022	1.3922789809719802	5.912132070041309	-2.219313244137311	0.4017875103200481	-0.5974346955230203	0.09011740127129997	2.142917427495206	0.1626217372318024	4.27036604998608	-1.5349560453187792	-0.7275548224642989	-0.8598759655125718	0.6529451934599138	-2.141168441060586	1.3605989793819049	2.531051918292519	-2.205089289022794	-2.979973583752951	1.238140149580488	1.7572743700741853	0.9939160516620404	-1.694078161100606	0.0	1.427896647381715	1.0931783788289522	-4.886780593329377	1.3152317934702182	0.4033419179453972	0.00046030193743717973	-4.344846095230594	-0.5455308157694958	1.8500215715459376	-1.5680771550146915	-1.3885046533156924	1.3345269249302874	2.7802864735867843	0.0	1.1237277231648477	-0.28240976430839737	-1.4201212737537503	-0.08751268117316613	-2.5478242528580495	0.6699045631386866	0.6354786070896239	2.8434460368546297	-1.018318758955445	-0.3750983957136782	-0.28962358898695584	-2.3967320155465472	0.4856807165273267	-0.22751013492313632	-0.012233297988530012	1.1307167554936655	0.18691433696955073	0.4102297620415243	1.0977932842177438	3.033539761282384	-0.25022401257888305	-1.4943343555372621	-0.029608668485138878	0.4834886845476376	-6.8850590113711405	-0.8326439934446057	-4.1913521571784145	-0.9245331829625911	-0.0662461322323793		0.4177291916969921	-1.2273644364032066	0.4274329243517059	0.04845217684294312	-1.5510656026395964	0.5110196371957727	0.05432144762551161	1.8983245353572897	0.13315052241676995	0.8513481759759998	1.3799080221450595	0.916620825933478	-0.5572256745335835	-1.2763272067853677	2.3406644356219317	-0.3888071088268248	3.0961002895812726	1.7680353058902938	-1.2366714260980416	0.1268752885179732	0.051386812234227364	2.191846205775857	-6.8850590113711405	9.745130598274443	-0.029452666557907403
34	-0.1789440578715471	-2.4134714568605204	7.856054353381637	0.5885396710250461	4.6814742560289915	1.751436995275924	-0.29115150931363587	-2.7644147860599446	0.8622414280995372	2.6466919996048546	1.6946235188399328	2.3205049247848137	-0.4998038740029642	2.66901865256051	0.6629604440140611	-3.6709875044197133	-0.933080142914605	0.9860700962173041	-0.002992155872789226	-1.7992278262516948	-0.6098927911397709	-0.8956357140813793	0.08842457252131908	0.7366505834214649	0.050707202069588675	-1.6073590521201027	0.06060691010810615	-4.479960131815631	1.7151453299789523	-2.2888963677936545	0.15619219140415908	0.11270101248970832	-0.9179217683440584	0.16087801313989303	3.5021090202624805	2.861824205510061	-0.8929689631873998	2.76703223777497	-3.3826604813999097	1.5471767901503313	-2.9598687613267316	0.7443417334768014	0.8931493809785707	4.374735307142885	-2.0935087475911587	0.6036094874511377	-0.5974346955230203	-0.04718188548230273	1.5114476658215494	0.1201183286370906	4.353113627425273	-1.5459811369822205	-0.445978185723618	-0.6420907864745118	0.4037561467998785	-2.0069037533372693	1.4487576398436772	2.248519820720844	-2.096937770760121	-2.3463339504793908	1.238140149580488	1.4069901907659528	1.0440262999073298	-2.0515088264303927	0.33920725276169605	1.3793222708717963	1.0931783788289522	-6.179172821311454	0.7213452241727509	0.22466969061559894	0.12704333472828466	-4.021036653205613	-0.38194421162666004	1.5876211566844063	-1.1716585475747365	-1.22154650921982	1.3279870120667283	2.359518712972374	0.3130495168500147	1.1641734698487767	-0.13338303737015167	-1.0151687052951388	1.1932611468204755	-2.2737775396114444	0.6063348960834105	0.4524792998232101	2.215542627136756	-1.0013743315540182	-0.3750983957136782	-0.5622729016963035	-2.2916514141187463	0.29048904887309845	-0.03274767093586206	-0.19029574648845937	0.7597765824684188	0.11088991977788965	0.0	1.2480049111484846	2.436150686223016	0.4327948662013341	-2.131675852134265	0.675302852810205	0.2900932107285712	-6.788564019069611	-0.8326439934446057	-3.5696520002049397	-1.1481147904592603	-0.17904914377362502		0.69872312767842	-1.3349806142022658	0.37343454882477545	0.03768502643333704	-1.5882098507492515	0.2741481156147074	0.045267873021259675	1.728450529799602	0.2401197623358371	0.9350512307938175	1.0551192182577438	0.32060615819210625	-0.6528616046637126	-0.9822406413171052	2.2027813420800726	-0.5758444659560382	2.6030232527451744	2.1609320405326002	-1.0995482731524362	0.06847037530402808	0.12358083168268763	1.9829682347812343	-6.788564019069611	7.856054353381637	-0.049293417322386845
36	-0.06838743195294228	-1.8786802902882869	5.949861272661963	0.18984310627308787	4.03297461107195	1.6872950931548303	-0.14464852055073152	-2.3184461613857366	0.7121934651531205	1.8408922076459362	1.761448010144818	2.392062345372892	-0.39704247404625903	2.6003480632597302	0.6512578640272295	-3.274014137084407	-1.2317993383204566	0.7995110392675997	0.19149797585754413	-1.602242423094026	-0.6456122307081387	-0.8504262714878905	-0.31025714835220697	0.6774812509930257	0.09296320379422696	-1.4816891136188701	-0.05391653691441434	-3.875789767118306	1.441350235503819	-2.249252766163636	-0.2867791055289217	0.096791203355167	-0.5633251238564299	0.19638712414831616	2.9997927575091694	1.9200685801155828	-1.1981085394270963	2.7162475383123024	-2.5278173996398436	0.47977442422461536	-2.653133279300107	0.5641238588174815	0.494016149338961	2.7980051386734885	-1.4434264812974789	0.5036267208566869	-0.49786224626916464	-0.24628944221780102	0.7979359709523806	-0.012011832863720429	4.155110495695794	-1.3472003798268588	-0.17776752857514566	-0.34732981139700314	0.15456710013972952	-1.8726390656140097	1.4263357840036974	1.9659877231491691	-1.9287020756848392	-1.7846478944223918	1.238140149580488	0.9399446183549571	1.0440262999073298	-2.3191687699592194	0.5496163126276201	1.3307478943618207	0.9933181101844184	-7.465983700900097	0.0	0.1353335769506998	0.09528250104619929	-3.6561469088342164	-0.35768225523952424	1.3252207418229318	-0.9769686988037733	-1.0545883651239478	1.1925723457146091	1.9998197065417003	0.08944271910002044	1.2046192165326488	-0.05104782911695338	-0.615790705133918	2.143545908265935	-1.9797978181278495	0.4013726063401464	0.32854938920610266	1.5186114253572214	-0.8540404689048273	-0.3750983957136782	-0.769146893829884	-2.3862984806530108	0.09070047600232556	0.05429219128848217	-0.2337919171144449	0.29610136618686056	0.13304273008532164	-0.4102297620415811	1.2480049111484846	1.9290075798097632	1.0159558288505082	-2.735678778382578	1.2846982668222608	0.19339547381900957	-6.692069026768081	-0.8326439934446057	-2.975279322658878	-0.831072972900472	-0.21658178215920998		0.7134117184670572	-1.2775081751626658	0.34643536106131023	0.026917876023844656	-1.4020976181158744	0.03727659403364214	0.13580361906383587	1.4208597378433865	0.13315052241676995	1.0187542856116352	0.83012869422015	-0.4788761250653124	-0.6513977894065874	-0.6862019860924988	2.100510438260983	-0.627728116392575	2.251365550093624	2.3386184851320877	-0.8932227813371014	-0.005173533171495898	0.090071597551173	1.7998287036321092	-7.465983700900097	5.949861272661963	-0.05789826076837706
38	-0.14539204702060715	-1.3489508529955856	4.257833386618131	-0.30859270361264635	3.460557796321723	1.6231531910337367	-0.04697986137540511	-1.8724775367115285	0.5206792560363169	1.1726679899239798	1.7538783661846082	2.392062345372892	-0.2942810740896675	2.3191411845079983	0.6395552840404548	-2.269302318945904	-1.5212878945520174	0.6129519823178384	0.19199666850289532	-1.3052999184779424	-0.6813316702765064	-0.8504262714878905	-0.6076618879077955	0.6183119185645864	0.1078534139257954	-1.2607532539958015	-0.13813652888285333	-3.37149989807034	0.8582554457736933	-2.209609164533674	-0.6030042799290527	0.002664697096463442	-0.15634488416043268	0.173922176367455	2.2986657125060788	1.222891193401324	-1.608702935335316	2.1990068420509488	-1.6953375196254683	0.0773623849879641	-2.3463977972735393	0.4119864436980265	0.1957315278289684	1.1952143162817492	-0.7933442150037422	0.30366118766761474	-0.5974346955230203	-0.4359606218567933	0.4946339420607728	-0.09886662433984839	3.507906229296509	-1.2588350929126477	0.09044312857338355	-0.2572118062777804	0.04596691151982668	-1.783297525286855	1.3045443397818985	1.4443033316209721	-1.7905084690158333	-1.3945051418331218	1.1255819541640335	0.5526911325233641	0.9528482542279448	-2.407287269886467	0.701621387126238	1.146189016375331	0.9986026864448263	-9.057908292661068	-0.806087539059547	0.0010635251626922582	0.06352166736411391	-3.2090965597698755	-0.4152136009238916	0.9888352475832107	-0.6805346069610891	-0.8876302210281892	1.1044758724343637	1.6401207001110834	-0.08944271910002044	1.296074897467122	0.023465534352112627	-0.21083813667536333	2.653178580980466	-1.7638783289016828	0.19926097431232392	0.12392991061710745	0.8907080156394613	-0.7992810388879548	-0.3539864582525638	-1.05134423694534	-2.391515248099779	-0.0045969052165446556	0.14391739595521358	-0.23175303411636605	-0.0748388068384429	0.07602441719160424	-0.6136063813588066	1.2480049111484846	1.2134159045129422	1.3048718878189334	-3.653447467866499	1.9533110178046513	0.07121151167757489	-6.639582210871879	-1.0484011766585581	-2.592694610675153	-0.4239272511657646	-0.1788440473890205		0.8563567849225819	-1.1124195583240066	0.2924369855343798	0.15746957473930934	-1.2159853854824973	-0.18591111454770726	0.12675004445958393	1.2509857322856988	0.11868848065614657	0.9884669960393921	0.7303304143704281	-1.078487837508419	-0.5528342287623218	-0.29018238595551793	1.9270151549964112	-0.7263711061114009	1.970039387972406	2.3386184851320877	-0.6868972895218235	-0.09258797251074762	0.00186411112957785	1.6847280656982535	-9.057908292661068	4.257833386618131	-0.05527584399959068
40	-0.13420804340364612	-0.924154957305575	2.5486886647474876	-0.7072892683645478	2.5215069260195833	1.5590112889127	0.19595547442128236	-1.4106166210918332	0.301805874188517	0.3668681979650046	1.7463087222243416	2.2489475041967353	-0.19712092444513019	1.966817020874828	0.5464919098597534	-1.2523121010071918	-1.3036804859328868	0.4630436624551635	0.19249536114841703	-1.005428614102641	-0.6813316702765064	-0.8504262714878905	-0.7050831465867873	0.4785262720305923	0.1774752072436172	-1.0702214117520725	-0.2998861396259258	-2.867210029022374	0.3608496444641105	-2.0781593275501677	-0.7924833317964044	-0.029154921172562354	0.13216784021813055	0.20943128737582128	1.3987278852533223	0.5257138066870652	-1.8027752505235526	1.53264113233854	-0.7653902747771326	0.25945826459326327	-2.0396623152469147	0.38390598415810473	-0.0034089671029846613	0.03933340557102838	-0.15199067479204587	0.10183921053658196	-0.49786224626916464	-0.6968764485741303	0.33055007566974837	-0.09609466290976343	2.8341045272917995	-1.0490292440938447	0.21786546735154388	-0.15395159207861298	-0.14058885804018928	-1.783802279751967	1.0833833071782237	1.0023363714116726	-1.5441633440841542	-1.0043623892438518	0.9004655633312382	0.18392229995345133	0.770492162869175	-1.9160266327922955	0.7952224762577202	0.9130557618789794	0.8987424178003494	-10.555570111555824	-1.9091183627676855	0.0010635251626922582	0.031760833682085376	-2.4152801291340324	-0.39095164453681264	0.9955432281135472	-0.4876044856646331	-0.6215980134030019	1.1044758724343637	1.3596088597014955	-0.17888543819998404	1.0727177889143036	0.09015705303716004	-0.005574568297333826	2.8580612110213224	-1.351972358686453	0.0	-0.13975896462119408	0.407513471207551	-0.5763171710078723	-0.2949887152104793	-1.0142130075880686	-2.1917875801376	0.0	0.13357602618600595	-0.1841790974942228	-0.5385140231200012	0.0380122085957737	-0.6895104757478521	1.2480049111484846	0.9956484584321856	1.5831302573627113	-4.851643350237509	1.5349478183590008	-0.05097245046397347	-6.394105410372617	-1.197516200323605	-2.3091720116158285	-0.2837369360726143	-0.15054074631143521		0.6804519537705573	-0.9832030007517574	0.2501491010855261	0.29340484865957706	-1.029873152849234	-0.4090988231289998	0.117696469855332	0.9433949403294832	0.20396465793425023	0.9047639412215744	0.7239819232858622	-1.8779701207658945	-0.599188378570318	0.005856269269088443	1.8469638225427616	-0.7680061342394993	1.6887132258512452	1.926959827768087	-0.42931080595110416	-0.17012787898127768	-0.0017044835514923307	1.606390600970769	-10.555570111555824	2.8580612110213224	-0.04174985362095435
42	-0.10065603255276301	-0.5992308739385521	1.5292131988484812	-1.0065070037662167	1.5288389569327592	1.379171918060024	0.3412221510427571	-0.9328634145266506	0.1102916650717134	-0.2161901880865571	1.5975204516940948	2.0359789905417074	-0.0971601496444805	1.685610142123096	0.4534285356789951	-0.012278399800266016	-0.9772693730042192	0.3631047825467135	0.2762757255860606	-0.7055573097273964	-0.5879286637032806	-0.6268228121742254	-0.6012356835094579	0.2795712930680452	0.05473158318619653	-0.8796895695083435	-0.3538026765402833	-2.0730534546290755	-0.18810610605459033	-1.604522613339384	-0.5389910867306753	0.017242157682687775	0.23693503063492471	0.15145722858670752	0.5011408611691195	-0.03202810268430767	-1.5974780525694428	1.066185135539854	0.06708960523718588	0.30576224020933296	-1.7023390451710156	0.16387253253907375	-0.20254946203493773	-1.0639413479198083	0.2988549549010031	0.0018564439420742929	-0.1991448985076545	-0.7586847185559691	0.07697945455907984	-0.18294945438583454	2.186900260892571	-0.850248486938483	0.3452878061298179	-0.06383358695944708	-0.23386674282016884	-1.1594210063922787	0.7516417582727968	0.6811192541657647	-1.1355909417583234	-0.5893222050917757	0.6753491724984428	-0.11090791956991097	0.4558902283969246	-1.2452245520963743	0.7720155946548743	0.6313481308725954	0.6990218805113955	-12.15307605171023	-2.799948216713858	-0.26694481583200513	-0.03176083368202853	-1.7507458264708475	-0.4242210338340442	0.8609890304176702	-0.19293012129645604	-0.31079900670147254	0.7928682595218675	0.9999098532708217	-0.31304951684995785	0.8089149336776131	0.08233520825314145	0.09984450004026257	2.453443755714602	-1.0380596289657547	-0.060719009339777585	-0.38182766853685735	0.19710345444116228	-0.5385021683924265	-0.32853645145007704	-1.1181804497884968	-1.992059912175364	0.0	0.12323465641674147	-0.13660516087213637	-0.7792997494697715	0.01900610429788685	-0.6205594281730669	0.9564413242909495	0.5880701978621801	1.6670016393567835	-6.018953154791234	1.0210685116301192	-0.05097245046397347	-5.832900225020751	-1.3387158717050056	-1.9265872996321605	0.12676509154835003	-0.20694225208200123		0.5472992811741619	-0.5812816485416761	0.18086202887326408	0.4293401225798448	-0.8809051683254552	-0.5402746856778435	0.10864289525108006	0.5508671455943954	0.17504057441300347	0.8896202964355098	0.6178351523516312	-2.2813083070962534	-0.3557071074737337	0.2019139795812066	1.4375758295764172	-0.6642388333664258	1.2674802357933572	1.3376147258046558	-0.05126099175532772	-0.2278367800545911	-0.04150027657414057	1.5741487994972059	-12.15307605171023	2.453443755714602	-0.017942960048007828
44	0.032268600599763886	-0.37924033217421993	0.4283303893518564	-0.9054656797140979	0.5925441057269722	1.2806596381985287	0.41354641131812286	-0.4392179170159807	-0.24623255457873938	-0.5240974256643085	1.3819076898590197	1.7531568044078654	-0.099960774800536	1.405218828564955	0.3603651614982937	1.0292686177389783	-0.15299293439915118	0.5463584679819178	0.19349274643934677	-0.405686005352095	-0.4588062175616301	-0.403219352860674	-0.4999587021915204	0.05916933242843925	-0.09618270868759282	-0.6891577272646146	-0.40771921345469764	-1.278896880235834	-0.29120600447288325	-0.9472734284214539	-0.3482317709993481	0.04772942740351027	0.302213049279203	0.2224754506034401	-0.3964461629151401	-0.3924251369301146	-1.2867260349468665	0.5251666320156119	0.5097000259156061	0.3520662158254595	-1.395603563144448	0.0	-0.10170085190532063	-2.1146099441908177	0.7497005845939952	-0.09998276659450767	0.0	-0.7209392101701155	-0.20145687044197302	-0.18017749295574959	1.2057504141137656	-0.5520773512054689	0.33192182653772306	0.03942662723972035	-0.24918904666009212	-0.5350397330325904	0.5304807256690651	0.420277058401723	-0.8111363869702473	-0.36798403849843453	0.4502327816656475	-0.11090791956991097	0.27353413703815477	-0.48630397147331905	0.7136116092876819	0.34964049986626833	0.3994410745779646	-13.756163340258013	-3.309092471124643	-0.4905509812849118	-0.15880416841025635	-1.3689406634861712	-0.21211051691705052	0.5044795945870533	0.003519454949014289	0.0	0.4404823664009996	0.7985851788823197	-0.40249223594992145	0.5046663317571074	0.06669151868504741	0.0	2.038530690858124	-0.6261536587505248	-0.3349522815693149	-0.5432068044806329	0.05904787031778369	-0.4081127331447192	-0.26953870840799254	-1.005725869449293	-1.2930130743076234	0.0	0.11289328664753384	0.0	-1.0200854758194282	0.0	-0.624035951580197	0.5919868407190734	0.28937566033249595	1.4459704282454027	-6.839158625760547	0.5071892049011808	0.020239061213601417	-4.332988524601831	-1.1737701434728365	-1.6567284402864857	0.44716321499333844	-0.1975078183895107		0.3664982530926295	-0.21523235559806153	-0.05399837552693043	0.49192418433511875	-0.5954809460096158	-0.5265908726781845	0.09958932064682813	0.29605613725789226	0.15334751177209682	0.5930801976236353	0.6114866612670085	-2.584711208019428	-0.2332345642969358	0.3999237796497255	1.1438513587863781	-0.46695285392877395	0.7744031989572591	0.7482696238412245	0.3267888224404487	-0.25621961486342837	-0.026999187763465216	1.5833239044873113	-13.756163340258013	2.038530690858124	0.015247304110192372
46	0.16519323375223394	-0.17443497824854148	0.0	-0.7031226158263166	0.02839534826603085	0.869425329882688	0.43703634200585384	-0.1271383275640119	-0.3971354916729979	-0.5568535147683633	1.0326459454141173	1.1926236764679743	0.0	1.1943136695011844	0.32544317677576373	1.8846073514109207	0.761625930166872	0.6063412392888949	0.1660646509389494	-0.0058575995183218765	-0.20056132527844284	-0.26881290190709706	-0.2974047395555317	0.0	-0.027365791593126687	-0.46822186764154594	-0.08421999196843899	-0.5846208014918943	-0.34275595368205813	-0.19821800814986545	-0.15747245526807774	0.0941265062587604	0.40698023969599717	0.16450139181421264	-1.095222404749677	-0.6370033756103908	-0.576604504181887	0.2506944123763901	0.4873368241699154	0.15692296789961802	-0.866463416610145	0.0	0.1999927367076566	-2.850126446518061	1.0013095776863565	-0.29994829978346615	0.18990761808572643	-0.6308218088988724	-0.21634651349017986	-0.09055074004959351	0.4757985702752876	-0.3312464107232813	0.3956329959267464	0.19337821931833332	-0.17123346572003584	0.0	0.0	0.09905994115587191	-0.4866818321821711	-0.17154330346784263	0.22511639083285218	-0.11090791956991097	-0.17331364054757614	0.22855735918619757	0.37440435652604265	0.17482024993307732	0.0	-15.165143734679873	-3.917217820418273	-0.6248210330729762	-0.25408666945645564	-0.9400139772217244	0.0	0.0	0.29995354679175534	0.12622769575597204	0.2642894198406225	0.5180733384727318	-0.40249223594992145	-0.0018110035828158288	-0.09015705303721688	-0.09426993174292875	1.4290306055106612	-0.21424768853529486	-0.5427652290280776	-0.5648269758032143	-0.00665328116258479	-0.3702977305292734	-0.17265515978493795	-0.8370439989403167	-0.5939662364398259	0.004596905216487812	0.10772260176293003	0.13660516087213637	-0.9826660724002068	-0.09817722749909308	-0.5585614274125419	0.2959934203595367	-0.009318877197131314	1.1304101457153024	-7.754474822713178	-0.03629877031289652	0.1169367981231062	-2.8330768241829105	-0.86762474385921	-0.8915590163190927	0.7208312334072957	-0.32917969731585117		0.1856972250110971	0.18668899661190608	-0.3851450399029659	0.35060533521010484	-0.26040072885251675	-0.47374304316213056	0.09053574604257619	-0.011534654698323266	0.20969960552901057	0.2511091644534531	0.0	-2.388437681906737	0.13125543471937817	0.6979145246306757	0.7432903188282012	-0.35806124190145283	0.4227454963057653	0.07946226093895348	0.7560996283916097	-0.26216463948848723	-0.0038343015505688527	1.6525747416135206	-15.165143734679873	1.8846073514109207	0.05667986160338684
48	0.27574985967083876	0.12518045872081984	-0.23128203050276852	-0.6015604602069402	-0.369390074648436	0.45819102156679037	0.33936768283058427	0.117996744276752	-0.5480384287672564	-0.19653653462410148	0.6833842009692717	0.630386800418762	0.0	0.9139223559430434	0.23237980259500546	2.628424343448671	1.676244794732952	0.6663240105958153	0.19399143908481165	0.39397080631533754	0.0	0.0	-0.09742125867893492	-0.139785646534051	-0.054731583186253374	-0.3121479117610306	0.23927922951770597	0.0	-0.27447787525937883	0.45903117676812144	0.06529345706240974	0.0	0.36749106792353814	0.10652733302509887	-1.0940470031654286	-0.9051982960679652	0.028062206914569288	0.0428587637083524	0.44261042067842027	0.0	-0.4753971170645741	0.0	0.4008377151910736	-3.5330367916254204	1.335079436915123	-0.30366118766761474	0.47938768542536536	-0.341596850892131	-0.23123615653832985	-0.04527537002479676	0.0	0.0	0.31855584694551453	0.34732981139706	-0.01532230383992328	0.5799628804286954	-0.530480725669122	-0.06037492148180945	-0.054075759131364975	0.0	0.0	-0.09242326630828757	-0.4879155750197697	0.7181657744067138	0.011990222161500697	-0.04857437650991869	-0.3941564983175567	-15.87521528028418	-4.539581949708179	-0.08933611366489913	-0.31760833682056955	-0.4700069886108622	0.2939038189884968	-0.29594031751298644	0.19996903119448461	0.365106271154616	0.0	0.2194430862258514	-0.3577708763999681	-0.45727840467219494	-0.24700562475953802	-0.09426993174292875	0.020591219099571845	0.07973203294835685	-0.7505781764868402	-0.28530904656088296	-0.14470886528596338	-0.27772329789695505	-0.021111937461114394	-0.45194010589176514	0.0	0.004596905216487812	0.09996657443599588	0.22971415111845772	-0.5743064959557387	-0.19635445499829984	-0.28275723711340106	0.0	-0.19912969168643713	0.814849863185259	-8.289348115732707	-0.48427063824379957	0.09669773690950478	-1.4034167081173905	-0.5535639919619371	-0.027327479427412982	0.9043953476453339	-0.1975078183895107		-0.042752158555629194	0.4593937912495676	-0.7432908920424097	0.20390291088034473	0.07467948830458226	-0.18402369206489766	-0.009053574604251935	-0.25481100833650316	0.04488219856739306	-0.09086186871672908	-0.6114866612670653	-2.1957612004956673	0.4957454337356353	0.7959433797868201	0.3071170891472548	-0.2024102905918994	0.0	-0.3928967346422496	1.3737945790437038	-0.2416256512733897	0.0	1.7298395922565133	-15.87521528028418	2.628424343448671	0.10475120952612382
