	0	1	2	3	4	5	6	7	8	9	10	11	12	13	14	15	16	17	18	19	20	21	22	23	24	26	27	28	29	30	31	33	34	35	36	37	38	39	40	41	42	43	44	45	46	47	48	49	50	51	52	53	54	55	56	57	58	59	60	61	62	63	65	66	67	68	69	70	71	72	73	74	75	76	77	78	79	80	81	82	83	84	85	86	87	88	89	90	91	92	93	mean	median	std	min	max	model
-24		0.061305348370297	2.0072022233886173	1.0123506873827637	-3.780081565787441	2.9382249332710444	595.2988749281586	9.553921183943714	0.29903466935672895	0.0744208407535325	0.3792637104921255	-0.4345387946928554			2.288568827441509	-6.023783232127187	0.7164624587332469		-1.5502676079101434	1.11494975705682	-1.5524255148586121	-0.2024578408825164	-3.4409301068170635	2.7877569549295345		2.3527066918609307	1.4279237941593124	3.8568979654797886	4.771195625030202	-0.22568381178950858	1.7403972853860523	-0.7004365717658629	0.5673084626014884	-1.1096323231660108	0.6507539920622207	2.998002130768384		0.9055917370123439	0.7280838948839232	-7.354698101106294		-11.884637789375063	2.439423875997136	-0.1270683389294618	-0.07960867524826654	1.0848388505049797		3.3605115655986992	6.690137475909978	-1.6958611868778348	3.1034964527507327	0.3191888107085106		1.0031909348027739	3.585653033966196	1.6120712323021849	-1.1841369488222995	1.367216146398107		-0.577852902524171	2.1597124793860303	-2.2844165882871152	0.9297426164884541	1.0627918533064644	1.6863518941131588	2.715815378779496	2.2319997357760712		-1.8829568087703592	1.3048251639106638	-0.16882674771392203	-4.274660010397213	5.142132106540089	0.16962576593709855		-0.4012023214692704	-1.8564507421642134	-2.358453298275947	-1.7642787217092746		-2.8852149881823266	-0.2495798746903688	1.2933440186338885	-0.9364617364806804		-3.1527263268316688	-0.5	0.20693473672309892	-4.236624679659371	0.21393419666969749		8.07023924040019	0.3792637104921255	67.43516805322244	-11.884637789375063	595.2988749281586	0.18122398454517752
-22		0.14495229600089488	1.5525794975783356	0.5166283871907353	-3.206138006581284	2.901882895223366	579.7202228625406	9.049748330773184	0.01877768724375528	-0.01240347345895998	-0.8513334257174847	-0.09807739073602306			2.598338128788953	-6.1719090493106705	0.14562669961122765		-2.595053379458932	0.7047469418740775	-1.624564246961711	-1.081505560269477	-3.382806287445135	2.65188071393095		2.0607152419129307	1.4656225696419938	3.43032860524238	4.508078219238087	-1.17815714174003	2.2063407516847633	-0.7778194028979897	0.5766203439321202	-2.5439587511189075	0.5490736808025076	2.672341896516059		0.90629347411965	0.40173833514529633	-7.21947100656439		-11.806191335319852	2.6353599660772034	0.0	-0.9317833580195725	1.3197721047544633		3.2605697260472652	6.948832073833785	-1.7283461203661545	2.4586993717479686	0.6222569744115276		0.7074147199162439	3.089673012634023	1.4849428207842266	-2.199779262723382	1.483009899278727		-0.7010803330830413	1.5135397191729112	-2.0845169392119374	0.9488338406463299	0.6414206339338193	1.3250374433404204	2.309127323236453	1.9050658537736354		-2.047789627817849	0.8952683684369163	-0.7183621752239446	-4.374535244284971	2.641467642899613	-0.11359123080694644		-0.3018450067480103	-2.5240771867925673	-1.9893483568296233	-1.7987972184383239		-3.0523647082701473	-0.11775050498209794	-0.02960754034842239	-0.6373868988523554		-2.9762475569958156	-0.6999999999999886	0.012851341310522457	-4.236624679659371	0.0035537241971610456		7.6207369962156575	0.14495229600089488	65.69766653108266	-11.806191335319852	579.7202228625406	0.3850743937825787
-20		-0.014477356320639956	1.421216812384614	0.40890888807831516	-2.318843051262263	2.865540857175631	553.7897455551157	8.083747850945088	-0.31922068314378294	0.21085904880163753	-0.5232790549369497	0.15529799975541891			2.357970692770664	-6.272783261729501	0.2480531342660015		-4.220099533992368	0.49039283920342314	-1.6967029790648098	-1.121304964887372	-3.4874291623145837	2.9204568682164904		1.7168258502327376	1.106492129517619	3.118318970917244	4.025696308619217	-2.8703475091676864	2.7300349574683196	-1.1498778287995606	-0.048708302344607546	-2.8195575424710455	0.3474077301373768	1.7567630268580956		0.8069976734321358	-0.11665383334184298	-6.995932340076706		-11.629686813695457	2.672709061092519	0.2772268103043416	-1.8599481398915714	1.3036492343647978		3.160627886495888	5.254646999809438	-1.7608310538544174	1.7752869404427543	0.5255330923786801		0.5115590550058187	2.3551203228129793	0.9090125928468638	-2.3573313078609317	1.4617633391171694		-0.7818361734979362	0.6332269847063117	-1.9813996906572697	0.9488338406463299	-0.0028091414624782374	0.8160610289606325	0.7573116518686902	1.8956429474001197		-2.130206037341509	0.3344014245132598	-1.2169877563526939	-4.389516529368109	-0.6139018615693317	0.17885386425217575		-0.4238406969753896	-3.2819311709670274	-1.7678853919618405	-1.228339578049372		-3.2893860230612972	0.014078864726059237	-1.00400854303399	-0.3304646165049121		-2.9915381363317692	-1.0	-0.31349768364856345	-4.236624679659371	-0.11277151452350154		6.9956093840989215	0.014078864726059237	62.7908570168887	-11.629686813695457	553.7897455551157	0.2666826485804986
-18		-0.7286936014741059	1.1339834783417473	0.36603369270790154	-0.9620550021080589	2.983796695267472	525.5081260975412	6.643127957283639	-0.5417362769823058	0.38450767722656565	0.8351666546482193	0.48542501894985435			1.6216338289119676	-6.1565124589940865	0.6284941772694879		-5.601256647772232	-0.05860040216896323	-1.6967029790648098	-0.6829650691756228	-3.371181523570783	3.1939739767202013		1.790741100578657	0.8088702178122844	2.6992630482748723	3.9292199264954775	-5.038774541570604	3.313579929627167	-1.5148409807864596	-0.6955259055380338	-2.9109022092997066	0.04406146821253287	0.7732858844215684		0.6070025978424383	-0.5413842914833822	-7.08424391202243		-11.64929842720926	2.4202604659892586	0.6321468335540885	-2.6370373675991345	1.1470270648651422		3.160627886495888	2.700281502763744	-1.6958611868778348	1.3532358830318572	0.4384815985491173		0.051810655543079065	1.4212338902414103	0.3732359774052725	-1.9885766560250886	1.4352051389151939		-0.7321862864280888	-0.2792269855013956	-1.8687801700515365	0.5479181333309384	-0.7182038339084329	0.11368664454698774	-1.1865137815856315	2.1324446814820703		-2.375160609499062	-0.4161528785634232	-1.5327257750525973	-4.409491576145683	-3.7735252041421745	0.7470002883554798		-0.46911744798757127	-3.5161022216956894	-1.8417063802511393	-0.7746356765969722		-3.5947730792217385	0.043516490971626354	-2.011146338299966	-0.10753905726198809		-3.2138886441754266	-1.3000000000000114	-0.3710004006074996	-3.9757877124415018	0.0634932056561297		6.348790608824873	-0.10753905726198809	59.621333471659426	-11.64929842720926	525.5081260975412	-0.03639289864270717
-16		-2.0886714316475263	0.7663640235086859	0.24910134169761022	-0.980638213738473	2.8159310909517217	494.915085983656	4.910061343016707	-0.275093118121049	0.5209458852746707	2.169580677508634	0.5923705483531307			0.5484440089430791	-5.627719219156404	1.2214526527200746		-6.712629676384779	-0.32847067531548646	-1.4860578813237453	-0.0062841165186569015	-3.2316843570781657	3.9668803865563405		1.8468328153801963	0.33664345123992234	2.5871270119095016	3.7625789028271583	-6.020280012358171	3.6981473539243552	-1.8793606781536596	-1.3294501345814638	-2.671098009017328	-0.1508257950353027	-0.2841668453322086		0.3957797285354445	-0.8478568146787211	-7.213951533317754		-11.64929842720926	2.070039370846189	0.32122876081359664	-3.4141265953068114	0.7094062971455628		3.309360230395214	0.674443827956452	-1.7837181660847818	0.7013045877503714	0.6738430448290842		-0.547997318245109	0.7486787030868527	-0.6593489874765055	-1.1152942480474053	1.192994353073118		-0.910447326751239	-1.0117793167689797	-1.515084488149114	-0.07668308370085697	-0.4475898730224799	-0.14112824840310623	-3.338152948713571	2.5253389080990587		-2.764104871613256	-1.533489377684191	-1.9399075749669805	-4.424472861228878	-6.522003263278634	1.3811704261773343		-0.5709901377650226	-3.6528772313253626	-1.9346190034427764	-0.20022984213773043		-3.751984167304272	0.15358761519405562	-2.6057042623694997	0.16247117029558922		-2.607999437988326	-1.6000000000000227	-0.4887261914449823	-3.418545100657923	0.7282765454736477		5.722301712951229	-0.2841668453322086	56.18958519196097	-11.64929842720926	494.915085983656	-0.3548067750438871
-14		-3.0910049408619216	0.6207867193947436	0.0620095800812237	0.3398378126896091	1.9780452137403586	462.94938212823274	3.045327540060839	0.5417362769822489	0.2356659957194438	1.877005815128996	0.47613458796519126			-0.06263095163853905	-3.776942879724345	0.9223604957433622		-6.957575657726636	-0.7479261855775121	-1.0676532351258174	-0.09890652955397172	-3.150311009957477	4.295806767363331		1.5223396241453315	-0.08796380945960891	2.5176479115677353	3.8415141245647533	-5.8692033247572795	4.080877254692496	-1.7465460195630271	-2.1059177778391813	-3.3089458859510046	-0.23894873146036844	-1.2435442921836852		-0.026666010078656655	-1.143457093666484	-7.3436591546130785		-11.688521654236922	1.6611547756789946	-0.2522488053948564	-3.9831476945245754	0.07140128315427319		3.352379814874041	-0.6552296974325031	-2.6142988518652146	0.035671071393778675	0.9640146909276837		-1.1720025762155615	0.4810692295516219	-1.0356964994293776	-1.0887345641065167	0.6873262212273517		-1.5403428819872147	-1.7483493025041525	-1.094872901888948	-1.4267508187318185	-0.280914146248449	0.0006533715204000146	-4.984439441124721	2.585973262154596		-3.7068262148891904	-2.7379741261103163	-1.3960934444788222	-4.454435431395154	-8.073654298713222	1.7894899928636505		-0.7973738928260445	-3.1148572947736852	-1.8697074447746331	0.9375268833840096		-3.7836070873208882	-0.014078864726172924	-3.0050449895077236	0.5972777369545383		-1.480956319434199	-1.8000000000000114	-0.11866384494777549	-3.4343534017014576	1.4603437300908695		5.111970788563414	-0.280914146248449	52.5979742001593	-11.688521654236922	462.94938212823274	-0.5451748033491278
-12		-3.1655365159942903	0.8690523912254093	-0.4833203841757836	0.997299024165784	0.8018322680370602	428.3309220677478	3.0148919085046373	2.0871399371430925	0.04961389383566939	0.7431471414803923	-0.05901535136860048			-0.43503120462463585	-0.14175481429379033	0.5420936473566371		-7.929960998975901	-1.0532651231947057	-0.034626591409505636	-0.4441686414681385	-3.2665586487013343	4.195575981795514		0.2820312389085302	-0.39087677737296644	2.273178425946867	3.034620746802318	-4.662671373670889	4.93952574948861	-1.5234883458699073	-2.769926546566012	-3.4157428625857165	-0.3118196211964914	-2.2766877637821494		-0.36735937568846566	-0.3364157531439673	-7.120120488125394		-12.061142310999571	1.220982980499059	-0.8231123943452872	-4.316961344145227	0.11055682552921553		3.1897448003809927	-1.2657656564723538	-4.584067091564805	-0.12626426858412287	1.6217370887512175		-1.4085666133384507	1.0845639074067321	-1.4068581204695647	-1.8298559847941078	-0.12960401698569513		-2.9066120635245625	-2.273880827174935	0.10417305656034159	-3.235007933551856	-0.3923434242603321	0.039855662743491393	-5.139168519515863	2.564669299918876		-4.347800239769697	-3.575077034575031	-0.8903889704247376	-4.469416716478349	-8.783302322178713	2.076797796077301		-1.279068216094629	-2.8228603315182	-1.0691315545341809	2.0940093293535256		-3.8046890339986703	-0.9682419241191269	-3.32663583426762	1.0367346412247684		-0.35455030835237267	-1.900000000000034	-0.25102327990526874	-2.612321747439182	1.690861973014023		4.558599296293509	-0.3923434242603321	48.70105416411149	-12.061142310999571	428.3309220677478	-0.5297893718159208
-10		-2.1833998125112544	1.998869515745696	-1.0013661331969956	2.1524485471232424	-0.9195112483820935	393.10384793217224	3.5137716083610258	3.7597624283804407	-0.04961389383566939	-0.30043977803495636	-0.5279709699365753			-0.5230530826030986	6.5998280767296365	0.48060294764042055		-8.268974692677716	-1.4218308105205324	1.1224786715241635	-1.3803198544373458	-3.4641796345658236	3.7512430274650796		-0.8707321335073743	-0.7202450263267792	2.6567676915542506	1.9733805434407827	-3.2734012681839886	6.417419673579559	-1.2093007478350728	-2.994844295627729	-3.08205121031682	-0.5694097430545071	-2.1425677187876886		-0.6178795230060814	0.2449819616934974	-6.943497344233947		-12.904441692093826	0.7729893853160092	-0.4372603068761123	-3.8212164119173053	0.027639206382332304		4.1786706143148535	-1.3842527947033432	-6.35892573033459	0.42793961522829704	2.137597792926556		-0.8659780997929829	1.852077294847902	-0.8402624961751144	-2.329602997826612	-0.6745782851303375		-4.565995036197307	-1.8884092013068994	1.2539479747445625	-4.7543511894493236	-1.6648845067655884	-0.30316438545855817	-4.250635131408217	2.803109800326638		-5.31385058991782	-3.682413295760682	-0.4462611677079167	-3.555558326405162	-7.701933905469332	2.2479457225611554		-1.8538314164439385	-2.757388017334847	-0.06236600734774811	3.1068903167082453		-3.540863529860019	-1.5921916108450205	-2.462480794830526	1.8191539443301963		0.3953251865815446	-2.400000000000034	-0.7991282965296591	-0.578979025718354	2.141474201215317		4.272162769864532	-0.6745782851303375	44.72155837989332	-12.904441692093826	393.10384793217224	-0.3098391541961953
-8		-1.7185158151027622	3.005411583078626	-1.5077186471172013	1.638953825749411	-1.8023920298430767	356.7845168717348	4.415151508145868	5.303288319816943	-0.06201736729457252	-0.38258445265762475	-0.9328437293260095			-0.5450585520977711	11.682295631916872	0.3442085627174265		-8.308345729592418	-1.8582495950946054	2.4786868350623195	-0.9620162722632131	-3.4641796345658236	2.9331621790631175		-1.2759554563256756	-0.8888974429597738	3.407707502805522	0.9735344014307543	-1.3421613486569868	7.706048674176884	-0.9039822421935355	-2.719069348529729	-2.6233718875908494	-0.4101105887475569	-1.381646026013982		-0.7698056067434891	0.9815319483784037	-7.031808916179671		-13.845799140757265	0.4679391851913124	0.1906751188735143	-2.471487508844291	0.4928991804841871		4.9779430161866	-0.5033266800294314	-7.174002243313737	1.1920932335294196	2.3826316274098076		0.06035087348982415	2.3488420946948168	-0.48762191410901323	-2.3622182897060497	-1.130317000596392		-5.609240856075246	-0.7818802000091978	2.513174989517495	-5.747413032728161	-2.2529314529122644	-1.1910962816614301	-2.902439395583599	3.5528453943924205		-4.652415878682177	-2.6164462922167218	-0.7742175495394577	-1.6079912655933981	-5.964422673412855	2.007824896299155		-2.5053135560084456	-2.8209487311040675	1.8404336045909986	2.799720818037258		-3.3996144871192087	-1.3445315813445404	-0.9029096247712118	3.102356478955244		0.9531127786076468	-2.8000000000000114	-1.4853148781841128	2.754596456830768	2.170851654578655		4.17418629003352	-0.7742175495394577	40.60942574647111	-13.845799140757265	356.7845168717348	0.047151304242033176
-6		-1.0259262380332643	3.478905440903702	-0.952467150047255	0.4180154616175855	-1.9333387383642275	321.30135691888864	4.435441929183298	6.077398476440692	0.32249030993187944	0.02612899756616116	-0.7652992523634907			0.6330804300762907	14.092658391819725	0.6234425333834679		-6.7948068071262355	-1.6408112607308567	3.06445333973943	-0.2582862963304251	-3.0573128989624934	2.291191056007449		-0.8251248513790301	-0.8955112632199302	4.147579131793009	1.2191106468367252	-0.10867880645395189	8.108466327042208	-0.7004365717658629	-1.830859129305054	-2.617503921841717	-0.35079707384602443	-0.53438455427505		-0.6147217060230332	0.8306572808094757	-7.062166019035999		-15.042107565100366	0.2450178851001965	0.45526770576429954	-0.3541681404511223	0.15892543669815495		6.224724022453927	0.8106135355826609	-6.884591017690752	1.784912467644233	2.3084766511846055		0.9149420160204613	2.8063679688034426	0.09334603642929551	-1.5708459470022262	-0.8339274863422474		-5.561983734647299	0.4437276156489247	3.128359120826417	-5.2979737973448096	-2.7211216966595657	-1.9869027934901737	-1.5982785401286037	4.198929018349588		-2.7941266263585476	-1.2906335912026634	-0.2959559069631723	1.5930099805101463	-3.0779574986025295	1.6483096021454458		-3.147991882876056	-2.942908837524328	3.817054204819158	1.921078429073475		-2.7674572574537706	-0.6796251972336904	0.5483412757208157	4.207392953846465		1.886793779309187	-3.0	-1.90115426526188	5.530929327596311	2.251165821434654		4.24118312112584	0.02612899756616116	36.56591347715524	-15.042107565100366	321.30135691888864	0.437563743433621
-4	-2.5759829232043217	-0.41734107418255917	3.0181557241795645	-0.5502907306635052	-0.7839124906165011	-0.3014081726974496	287.3212178981662	5.142518992728753	6.185839620273384	0.843436195206607	0.6367086162777582	-0.5294489930477653	-5.5166945274361865	1.5096015171978934	1.7689012016837182	13.267613517615075	0.6450426658616948	27.237929659155213	-5.534669390708359	-1.6731956935084895	3.240471846070932	0.8778637554052011	-1.6739659979110115	1.6107510751105565	-16.208820222317797	0.6274932954896713	-0.6884986890782443	4.6192291176009235	1.5523926941733635	0.6848298580079586	7.04322768690696	-0.5991071911716972	-1.2048141844643965	-1.83999846007805	-0.4101105887475569	0.055114955989949976	6.694344719173387	-0.4399891662973232	0.5340767175079009	-6.010706365557041	22.377235179420495	-15.787348878625608	0.33144877513547044	0.32239052848382244	1.1556827571554322	0.4307109661240247	-13.23817546824688	6.067859927829886	1.8041790096324917	-6.173613950662684	3.120029711237976	1.9634948052673735	-18.4486064270842	1.0345050672739262	3.442823344278679	0.7858847257473371	-1.133036116919925	-0.5991529965567111	11.814516603372567	-4.516345149127517	1.302501258108407	3.448620882548994	-3.8339950915051304	-1.9710809261763416	-2.196635051533633	-0.40988858569517106	4.320197726460776	-20.661438457151235	-0.5480404401275223	0.2588462909411646	0.5163712990101885	4.554310665282912	-0.7152801506358628	1.3709909775203641	1.168075466775349	-3.1442188202916554	-2.594615242073246	5.6803977712930305	1.090716813312497	5.085832240603224	-2.5111610199857637	-0.29373631405866263	1.133270731384357	5.2316298127408345	-8.57880591698239	2.644633117647345	-2.6000000000000227	-1.5206795181408665	6.799545486337536	2.7259433741767225	7.724902282957942	3.5866977971931266	0.5807850064987861	30.44228258983448	-20.661438457151235	287.3212178981662	0.7577533263751084
-2	-2.5759829232043217	0.3506737419897945	2.42922935753694	-0.07795490067354649	-2.0302692706566177	1.1052594428481939	256.5542279373214	6.061763284948711	5.312677163438821	1.2651542928099957	0.8113971317786195	-0.5146687619357522	-5.5166945274361865	1.5096015171978934	1.9381740439500845	13.695532545033927	0.8058242971310392	27.237929659155213	-4.378112151945345	-1.3416407864998519	2.807639453452339	1.3560030557348455	0.2557448052363611	1.2557082220077973	-16.208820222317797	1.6963812065200727	-0.3796332829307971	4.897711046528627	1.23665180722287	0.5492004604373619	5.101752826768916	-0.4986647198168157	-0.5357913257903419	-0.6844004052102832	-0.5897458053063929	0.8598352259571698	6.694344719173387	-0.04771812329857994	0.7091020258985736	-3.94918310794867	22.377235179420495	-16.08152308133299	1.083905935443056	0.2593646323748544	2.141744757389745	0.49520244768274324	-13.23817546824688	6.099599987110025	1.8460880914274753	-5.0654347423459285	4.301251761104538	1.637857735756711	-18.4486064270842	0.662720912661996	3.338447801814823	1.3954491604615669	-0.3809721064486098	0.08923555267870142	11.814516603372567	-3.1536651160529345	1.4964646876853749	2.874261327459692	-1.9363274102124137	-1.4916541165790704	-2.196635051533633	1.4729060486504864	3.7552330356319885	-20.661438457151235	-0.0663538146280871	1.0697647483531796	1.7712747695249504	6.901378661645879	1.0926326710501826	1.077499397085262	1.168075466775349	-2.2977951138690855	-2.2730840524197333	6.165325297813865	0.8559684744456604	5.085832240603224	-2.1172297877788537	-0.3590110505161306	1.119550163905842	4.892445813214806	-8.57880591698239	3.2728210853659903	-2.1000000000000227	-0.9697603391857683	6.414218148402142	3.1860322002371504	7.724902282957942	3.568032681123604	1.0736320727192208	27.284736106949026	-20.661438457151235	256.5542279373214	0.934414569195557
0	-2.2637842453787016	0.016085951467402992	2.0182308070336035	0.23740810659660383	-2.1451861425780407	2.234458482188188	227.87842314682038	6.650847139199982	4.2409406640015845	1.4636098681526732	1.1350821049728097	-0.7167356358526717	-5.2161958250661655	1.2255557452046446	1.2153790074726203	15.322792866422105	1.2198849011692232	23.62413715598683	-3.246128781860591	-1.0409281964223283	1.9737157103406844	1.949715455515559	2.6504461633591063	1.3358222654017027	-13.38958018543616	2.7175649488875706	-0.2916694734711882	5.058078504875482	0.49992307100495736	0.7712689490282969	3.313579929627167	-0.29911014096614963	-0.676185844312954	0.7681167165649754	-0.5948298208693359	1.8550478723306014	6.1412215848253595	-0.04140248933259727	1.5369075705224304	-1.429543570871715	18.725461663151123	-15.63045597051513	1.9106701957809946	0.23888847718734496	2.279702973018857	0.4928991804841871	-10.024044869878935	5.234224321282966	1.886187146433997	-3.842819972877294	4.718659917159357	1.3218930544492764	-16.61616776599135	-0.07657728758857729	2.508152133192368	1.6846737050804563	-0.03452758912317222	0.39518601900556405	10.165740569427612	-1.9937719711313662	2.121544761943369	1.208548230500412	-0.33027817793123404	-0.3408424974480795	-1.559597819158455	2.6115222410622323	3.0730965525066267	-18.293390058110276	-0.6258675368239324	1.0845559649783922	2.1818505591980397	8.099881468299259	1.751591549982436	1.6758036270225034	0.4002411796093952	-1.3809409058720803	-1.8540612416465478	4.902731842935395	0.9793777405294009	4.731697274764031	-2.0856068677622375	-0.5279574272295235	1.2789013160248714	4.270753803800801	-6.8079375271044	3.3725284047858963	-1.6999999999999886	-0.20430818521441552	4.673328995986196	3.607266975075106	6.681427387275846	3.4510197790888046	1.2176319543209217	24.200379398908627	-18.293390058110276	227.87842314682038	0.9413392475077311
2	-1.623708189607612	-0.2121558265758381	2.0072022233886173	0.5683620940014293	-2.203712579207206	2.909093617058204	201.03115356422435	6.206222260813377	2.20450048241662	1.413995974316947	1.41655869748314	-0.8314935731294213	-4.457468660476138	0.8415187824473378	1.1222789442261387	17.139059606868727	1.6511907722666592	18.673736466714956	-1.6578113127711163	-0.7479261855775121	0.42994684333444866	2.0738495252963958	4.38253598064199	1.8807389306012965	-9.933706419972623	3.1306515962107255	0.08267275325147239	4.6437083820237035	-0.16664102366837596	0.4834673113724648	1.8997368256921732	-0.0995555621155404	-0.6955259055380338	0.958825603412663	-0.31690363675943445	2.7090153463192337	5.779146371736488	-0.02666601007859981	2.413905564347715	0.47743443583158296	14.474056909521778	-14.92443788401755	2.572785566051607	0.17746001162487346	2.247588109708488	0.45835017250641386	-6.9719082912129124	4.399539456578054	1.4914620737137625	-2.502078172541985	4.156076162606894	1.0542903141583793	-14.178339847299355	-0.547997318245109	1.8363817245526093	1.558878808368604	0.179862179648012	0.7542528857363777	7.578674663390643	-0.9104473267511821	2.65968725758205	-0.6014586272349902	0.4850761871446707	-0.04026436096228281	-0.8611436638670966	3.3124383443874876	2.386863153566651	-14.346642726375308	-1.7959510864193362	0.2500515134883585	2.5415165024897988	7.695386771053791	1.4728012550495464	2.3595391176503995	-0.3482461018957679	-0.5835670130460358	-1.1670320528149318	3.0330243981607623	1.2503366592983411	4.2142497599434705	-2.137408222456088	-0.9682419241191838	1.4931347380580178	2.5242613846474455	-4.724006111448034	2.260775865567723	-1.1000000000000227	0.22766573255984213	1.857475372611816	3.4328975744672903	4.890292306350261	3.1663208381577848	1.088284629192259	21.284450468766853	-14.92443788401755	201.03115356422435	0.7999526746453899
4	-1.0834806977578637	-0.9422792904026664	1.9961736397436312	1.007035580518675	-1.970034032957983	3.65641282802369	176.02167631733485	5.715061742873445	0.5417362769822489	1.2279438724331158	1.6269888852401095	-0.9483629719936175	-3.698741495886111	0.35749062892608663	1.7130411637357952	17.123663016552143	1.7013588218934501	13.704359241467614	-0.6130255412223846	-0.5489932413723295	-1.1109364743876995	1.6898808985935716	5.568261895828925	2.495887730758568	-5.984550114243348	2.773656663689053	0.5072800139510036	4.211564535828643	-0.4297584294604917	-0.22568381178945174	0.8224230309373297	-0.0008869092393410938	-0.8051195858133156	0.9558916205380683	-0.24572741887760685	2.881066216538784	5.698637883179117	-0.015438216361303603	3.209539960127813	1.4102254145084885	9.532401406777126	-14.257643024547576	2.77830336113567	0.3880304018507559	1.5021614232927618	0.22111365105831737	-4.081765732248584	3.309360230395214	0.8259291468698962	-1.783718166084725	3.1034964527507327	0.9640146909276837	-11.362129615979882	-1.3151935637881138	1.733575739118237	1.4019685661804147	0.131098599932443	0.9869027195057356	4.947728534479609	-0.16988636057647	2.601877673853096	-1.6150343126867028	0.6460788442093985	0.5786831412717675	-0.1881709978707704	3.150204574605084	1.9616032920146154	-10.009406917548233	-2.2764903837119164	-0.4161528785634232	2.7438952632474525	6.012489080044588	0.8673475842356879	2.9416703917776204	-0.7820422444481778	-0.459055947762522	-0.5165144318928583	0.684753305165998	1.482377665088336	3.776275196766335	-2.092232622432391	-1.7822562846475876	1.2033178390379362	1.2660544146832535	-2.6221564016597085	0.3899097730667336	-0.5	0.5215580853039796	-0.6738288319793355	3.234362849318643	2.9002103372644683	2.767904562255377	0.8241760889036129	18.57944239964254	-14.257643024547576	176.02167631733485	0.5661601060803318
6	-0.5504048936820709	-1.2466612387250962	1.8912795552978992	1.130346059765884	-1.692994659571184	3.7562092182182027	152.72426277946676	4.528954304399576	-0.9121261578653161	1.1535230316795833	1.5895868419012231	-1.0610094476829204	-3.0626930334015583	0.1588355640896566	1.8535376228169298	16.355957168353996	1.3421695221346113	11.604564282434751	-0.27929655046210655	-0.1958487125120314	-2.305553878014962	1.0718517001103578	6.079751506301761	2.7312889067223978	-4.925585443652949	2.1550751359716287	0.6580751158816724	3.843810041926986	-0.7367287362179127	-1.4861169451091314	-0.6292205570242118	0.09822519825644349	-0.4634451708374172	0.5093394270270437	-0.17116185728718847	2.936390735099053	6.60702069719315	-0.0014034742146691315	3.4323318496271895	1.7331145994351118	8.016934678272492	-13.845799140757265	2.9564448562084067	0.5849500219517267	0.7431650763234074	0.032245740779330845	-4.5013785997001605	2.38837388219315	-0.01893566486421605	-1.1163004416888498	2.43842914387659	0.6899636918345209	-10.248639791483583	-1.5907579295341634	1.3341234751023308	1.418859753724746	-0.14342229328099165	0.7776241019141139	4.010839095032452	0.3583166548777399	2.0290271076744943	-1.7783326175650132	0.11995652512530341	1.049682526481547	0.07709783940543957	2.630173606431754	1.8632773124650726	-8.040219507762117	-2.904461355581759	-0.35259062333619795	2.2528334307239106	3.535583279627531	0.1633316879405129	2.9174109580625895	-0.44800409983463396	-0.4339021972002115	-0.6309237166774437	-0.92148957795564	1.8136875503607257	3.6085960020902803	-2.1651159238040236	-2.101590534571926	0.7770174003629791	0.16247117029564606	-2.255338493485283	-1.480956319434199	0.0999999999999659	0.5980094952900572	-2.365317043634434	3.1109301622036014	2.034224267845616	2.279948953078869	0.5471447244893852	16.18091077112756	-13.845799140757265	152.72426277946676	0.30956726075031415
8	-0.3562090641270288	-1.3001023441557322	1.6888437755031305	0.9382935317429997	-1.4864433302997782	3.5447908540199933	129.58691339685626	3.592727811963414	-1.2008330992380252	1.1039091378439139	1.6184248659708942	-0.8631654969408373	-2.229161782161725	0.06282632340037253	1.4591319003362173	15.399244901097461	0.8657472452964043	10.841377509505378	-0.40190165870654937	0.1387904261897006	-2.5767955107226044	0.7235841411655315	5.603136187452094	2.496946506662482	-4.009489297444873	1.5469780409272857	0.6957738913643539	3.636826954629953	-0.9209109202723766	-2.2573858941373715	-2.281941719737631	-0.302657777923514	-0.2148895691672692	-0.0715891821397463	-0.38807985464126205	2.8012228772529397	7.183572227682191	0.10490969754619073	2.7766998772085003	0.9824662378963467	7.068321916918478	-13.68890623264673	3.103299151268459	0.7886950271151818	0.15695574040432803	-0.2809985982199805	-5.120099042113679	1.553689017488182	-0.4614175982344477	-0.8822612617845493	1.4509632945010367	0.8543942912904186	-8.951345035764461	-1.5466334701430355	0.9589993450441625	1.446122723094561	-0.27547704183530186	0.4206818911994219	4.056119750551318	0.5126500387817714	1.3421197952199009	-1.5942700885750014	-0.4634394664323622	1.1779666532683564	0.036588805141548164	1.8199980254979096	1.8780262093974898	-7.825142023191461	-2.725669376684607	-0.10753614249136945	1.629793882152967	1.5930099805101463	-0.45901836438446253	2.802868376913807	-0.265416733910115	-0.3773062584349418	-1.0596001095418615	-2.0008033377710603	2.0967166624303673	3.6649257315517048	-2.1590925104675307	-2.1495866643200543	0.3957300514859412	-0.11771167078666167	-1.9331472801302425	-3.2291792235113803	-0.19999999999998863	0.5040164734421069	-3.11818738083133	2.7889627499399126	1.9965193876549847	1.7982139766786323	0.2763428959451346	13.8333496563955	-13.68890623264673	129.58691339685626	0.09231212522309669
10	-0.16751453285979778	-0.9353087114334357	1.5888512837885287	0.6385215046075814	-1.4007896766929093	3.297030451773992	106.7955281268975	2.461536839123596	-1.374057264061662	0.9054535625012363	1.5089277624578585	-0.6632100846113644	-0.9019235590338894	0.16679946423903402	1.4489755298002365	15.399244901097461	0.8704504999489586	9.90080137854369	-0.13898768736333977	-0.02313173769829291	-2.2074452023547337	0.640797736594152	4.580156966506479	2.4069505548322354	-3.5866756915026485	1.4028170916711247	0.5714340704741403	3.4014059099838505	-0.9121403400793611	-2.4473546949349725	-3.434856482545456	-0.6026548281290047	-0.14970639985318712	-0.6712952817038627	-0.4999281970269749	1.9965026072858336	7.786959921023765	0.10912012019019812	1.735548819200062	-0.060714205712713465	7.0644657674820905	-13.885022367784927	2.5997707760626554	0.7929064349197574	-0.045684523864110815	-0.6564311515794543	-5.643194656479238	1.1743821933639538	-0.5758669843988287	-0.6157371483918155	0.946019461660967	1.0413937965539617	-7.875670999926399	-1.086885070680296	0.5932925571631813	1.4733856924644329	-0.33890156708616814	0.2422107858420759	4.01363996032228	0.6514304460131939	1.1411254703245959	-1.3785333194146574	-0.7687399594237831	0.9635355216320249	-0.5795405385812842	1.4369276752157134	1.8686033030239741	-8.000553015712967	-2.613039991047742	0.42374836818169115	1.166174881107338	0.5293387396052367	-0.5406842083546621	2.6883257957650812	-0.1837965537782793	-0.34334869517579136	-1.6515271777714702	-2.350816644314989	2.1087868557310685	3.3802204322580565	-2.3681049532439715	-1.7137818062069528	0.47733132122669986	-0.18833867325867004	-1.476737901295678	-4.3179958937256515	-1.1000000000000227	0.33507292818450196	-3.1063311550487356	2.3314799882907096	2.0985984535368516	1.4019013535640599	0.20450512504055496	11.551123570028123	-13.885022367784927	106.7955281268975	-0.046375187269806925
12	0.29872049702072445	-0.5628295685656326	1.4937603848050571	0.32315849733743107	-1.5569313744151714	3.276552001762923	86.84742758329543	1.8175365192382174	-0.9426398996364469	0.7938223013709376	1.0805520230956063	-0.45480882593216165	0.3423889908938236	0.36810916245855196	1.7282757195397949		0.7657595352762883	9.36863330444703	-0.09538888809538548	-0.11720080433786961	-1.7024740776330418	0.5323284210336965	3.5106786900633438	2.4316553259228613	-3.234813683817947	1.3136994139491662	0.22354712479193495	3.06604806635778	-0.48238191061886937	-2.40594281102409	-3.5981335732709567	-0.9013215144755122	-0.012893374149996362	-1.4771625779217743	-0.40502657318455704	1.1733408311318385	8.23614617067335	0.10912012019019812	0.6575034242905531	-1.0266220238692654	7.093386888255054	-14.277254638061265	1.8729300107655718	0.7383033544197701	-0.16464521471800708	-0.5942429372193487	-5.791648877519492	1.4878480680724806	-0.526300096960199	-0.25987946790638716	1.137284349229219	1.2509622076252072	-6.581069356752664	-0.7111154810265816	0.5485601818215287	1.442270346987982	-0.35451866124344633	0.35269289868239184	3.971160170093242	0.8440480801879744	1.0290775512824553	-1.1469594301690904	-0.7168754671282045	0.3576973462229489	-1.3688133352061413	1.1891624961942853	1.8968720221444642	-7.647534961905933	-2.4516491566208174	0.6650051042172436	1.2597520273129703	0.05992514033260932	-0.5406842083546621	2.09002156582784	-0.0613662835805826	-0.5081057613591042	-1.507774826630282	-2.03262272927509	2.021588169549375	3.277604258432916	-2.584646662691057	-1.2888560708367436	0.4453166637767936	0.210427776912411	-0.8773202504263509	-5.36858611560001	-2.0	0.30421094795696035	-2.699267403178453	1.8981625511823381	2.103809697140491	0.9807615012028275	0.29872049702072445	9.508023613996333	-14.277254638061265	86.84742758329543	-0.09646349589956278
14	0.6651069629799053	-0.49437490843206433	1.5998798674335148	0.007795490067337596	-1.5992242008844073	2.903901897337107	69.69169756314221	1.3175540791080493	-0.4041897179218381	0.5953667260281463	0.6425636090434637	-0.44636297958243176	0.9468060110236252	0.37607306260787254	1.8975485618061612		0.5595131090326504	8.285320620278014	0.02721622014911418	-0.17734332235340844	-0.8396948416800569	0.6108343404401353	2.6504461633591063	2.2566043764805386	-3.234813683817947	1.0715090191987429	-0.02513251698849217	2.737799712069034	-0.052623481158434515	-2.287404032210361	-3.213828652334996	-0.6995496625265218	0.08667212623078058	-1.9894359878233558	-0.4067212450389093	0.36862056116467556	8.762433142168959	0.20841592087771232	0.19062074065567458	-1.429543570871715	7.249560940429205	-14.45375915968566	1.2499236405109286	0.5114682168108402	-0.6888864341086673	-0.46986650849896705	-5.740995523597746	1.6911418361888195	-0.4195085164394641	-0.18678836755771044	1.7222899200863822	1.2638587252295679	-6.0432323388336044	-0.8070505959609022	0.5877991075598743	1.011693232919015	-0.3857528495580027	0.3633161787631707	3.748958190433598	1.0905029413059424	0.9160252186234175	-0.8154357163859345	-0.8941056647271353	0.07584681948708294	-1.5981467388612032	1.2503036584116103	1.9345636476384698	-6.966616390779677	-2.3390197709839526	0.7911302081430449	1.2234848224622965	0.054931378638229944	-0.4421219828733456	1.5981734391343139	0.11154757951356942	-0.7068203908015107	-1.4371411913288625	-1.5731507159574107	1.7626994440811927	2.913426007495957	-2.9951422815734077	-0.9151262071978863	0.40415496134119167	0.8478146757647096	-0.546338930515958	-4.992692706924572	-2.1000000000000227	0.24689584182016233	-2.1934017697863055	1.7626472017968808	2.270262948713764	0.7789264123269214	0.19062074065567458	7.790336966392569	-14.45375915968566	69.69169756314221	-0.07406199764665244
16	1.0369947272268973	-0.44111253579546883	1.0048265098770912	-0.20374576312394765	-1.6415170273536432	2.0859176123899488	55.837059316980174	0.8005894387616763	-0.016899918519357016	0.40931462414442876	0.0	-0.23796172090317214	1.0417003380878214	0.28537308868482114	1.777364843797045		0.45011888970742575	7.398373830116839	0.02721622014911418	-0.07556367648101059	-0.4097479983456651	0.5894319146158864	2.278453719378831	1.9668527041172865	-3.234813683817947	0.8649656955371938	-0.36045320417645144	2.527261880103424	0.42975842946043485	-2.195268068271048	-2.281941719737631	-0.6986627532871807	0.07736024490020554	-2.4017583811309464	-0.4033319013302048	0.15360936403283176	8.91663458586089	0.40841099646740986	-0.07664040998776045	-1.6282446077496502	6.588231312086862	-14.277254638061322	1.0344330504228196	0.3460615447643818	-1.2022719250563796	-0.4859893788886325	-5.698200088542251	1.5775596405831038	-0.34515818528154796	-0.02214881828746229	2.3122781167889457	1.3799273836690418	-5.221608586444006	-0.8950148408116547	0.656859616859208	0.8430776940991791	-0.5220571475428528	0.4631750115225941	3.5253557781290965	1.198177395192431	1.0029627972427306	-0.4997491226879447	-0.9104922987959299	-0.3539518242729969	-1.3844942516953438	1.4320716984331625	2.052964514679502	-6.070620335082708	-2.027902605566112	0.6014428489900183	0.9744629453058451	0.3196007484408483	-0.36045613890308914	1.2095468245225334	0.16203117240991105	-0.9168542079970052	-0.8013428935954039	-1.3160500326051192	1.5038107186129537	2.4885513814027718	-3.102660209629846	-0.7026633395128101	0.381287348876981	1.4168997409506119	-0.6626388018634657	-4.317677339989473	-1.6000000000000227	0.28507464410773764	-1.5492135022635125	1.7868125263376555	2.275474192317347	0.6292398415306442	0.16203117240991105	6.397960752508461	-14.277254638061322	55.837059316980174	-0.011535210586366425
18	0.8317963010965741	-0.3878501631589302	0.40364616140669796	-0.3036697721690871	-1.8692147698596386	1.397437891596951	43.86187048163106	0.3429522251444723	0.18355189280759987	0.13643820804810503	-0.32849131053910696	-0.027449000636579513	0.5479933661996483	0.19334579807014052	1.8620012649301998		0.3454279250347554	6.612910254085705	-0.05179008882743119	0.02621596939138726	0.08656647852370725	0.1683961078684888	1.9529603308961327	1.5673412630513326	-3.234813683817947	0.7847597855873687	-0.3730194626706407	2.2167872491578464	0.6490229342871885	-1.495429141226623	-1.3978303988959624	-0.7986617700223633	0.3574329833815568	-2.4205358715282728	-0.39994255762155717	0.43002239426374445	8.91663458586089	0.5077067971548672	-0.3008581675799178	-1.6751601303458301	5.926901683744518	-13.943857208326449	0.3349685851369486	0.18065487271792335	-1.5048753554034988	-0.5481775932487949	-5.713915926274467	1.160741837309672	-0.516832264528091	-0.08933356709280815	2.303558521559353	1.3960480306745353	-4.7783671466818305	-0.8631313604773823	0.9535058954407987	0.5745967131312	-0.6479500494228319	0.3633161787631707	2.810668318341527	1.2789332356072691	1.199939467670447	-0.20306707309219973	-0.2970276291895857	-0.562764672984315	-1.1656147923664548	1.6668140306285295	2.0718103274264763	-5.6550143215026765	-1.7806533769949624	0.40955679547374757	0.7318411631229651	0.6691640670480865	-0.27879029493288954	1.2176333024276005	0.3951021312307148	-0.9394925835031245	-0.3848051633605678	-0.9596728477603733	1.3441908726271095	1.9842038036662757	-3.2041547243498485	-0.6514674677814583	0.6763999055204408	1.3878351308798074	-0.9936201217738017	-2.6073623305160254	-1.1999999999999886	0.3276623007134276	-1.0532280570234889	1.9102452134527539	2.3775532581992707	0.49365746749447986	0.18355189280759987	5.210656600198212	-13.943857208326449	43.86187048163106	0.0551605629944653
20	0.7484516320382681	-0.4030424506559598	-0.2963012805954577	-0.3114652622364247	-2.1180589256002804	1.0247877871710784	34.11209516974651	0.3047974116718706	-0.003286095267640121	0.1612451549659113	-0.5474855175651783	0.2788185026199699	0.054286394311475306	0.2946643055257141	2.0617432188045086		0.24073696036208503	6.514727307081785	-0.05179008882743119	0.15421158465517237	0.15581966134271852	-0.33542610345028834	1.6739659979110115	1.267707682251796	-3.164344749494205	0.45921815108522424	-0.34788694568220535	1.6171664552787774	1.0612402033614785	-0.9348349349514251	-0.5714698175393096	-0.8995476959968869	0.6375057218628513	-2.233152165271747	-0.29995691821613946	0.9214466216265009	8.762433142168959	0.5077067971548672	-0.8122101123587981	-2.0698024674783824	5.1710963942103945	-13.806575913729773	-0.2684832851097667	0.1286657694759583	-1.6048385214823497	-0.6725540219691197	-5.817398673188507	0.4406884263684674	-0.5492735138910803	-0.08933356709280815	2.1023283823001293	1.40572041887782	-4.397291721509077	-0.843204185268462	1.166180872942391	0.7159492825812777	-0.3691796067788573	0.1476635931230703	2.095980858553901	1.3058518490789197	1.2979255960757996	-0.20940192112624345	0.41459775129516174	-0.6479752973463064	-1.1401333030714227	2.462311318105833	2.1902111944675084	-5.6633868336652995	-0.9738904262280244	0.21547204759423266	0.6147970020140292	0.9188521517675667	-0.1971244509626331	1.1224982682508653	0.5562264127501635	-0.8627736442879836	0.051230891098214215	-0.7382098828926473	1.368331259228512	1.680721927885429	-3.2041547243498485	-0.5087589753303519	1.0759813443687563	1.4349197991945175	-1.3246014416841945	-1.3573574698019684	-1.400000000000034	0.19248870342516966	-0.5690988375661732	2.12086260087176	2.3990113200962924	0.3910697727719998	0.15421158465517237	4.307376521214925	-13.806575913729773	34.11209516974651	0.09777914111917621
22	0.5817622939217131	-0.4030424506559598	-0.09631629716625412	-0.019488725168400833	-2.4596055393593588	1.1542923513252958	25.637783757485067	0.5251249183723417	-0.19012408334305064	0.37210420376760567	-0.5570981922550686	0.2830414257948064	-0.044455000066193406	0.39465549628965846	2.16161419574172		0.03762603722015001	6.809276148093431	-0.08719759853596543	0.24828065129480592	0.15293411205851726	-0.8435287999339494	1.464720248172057	1.1628888677671512	-3.164344749494205	0.1425882843552131	-0.32275442869377	1.0246551507368622	1.1577165854852751	-0.2764078918178825	-0.09555122351139289	-0.900434605236228	0.8896428163524774	-2.1519786390750255	-0.0016946718543522366	1.394429342802539	8.685332420322993	0.20631070955573705	-1.1116424118459918	-2.1884711422804344	4.60424242705983	-13.924245594812646	-0.3684067801505648	-0.04356628763298431	-1.6048385214823497	-0.5942429372193487	-5.501268552650913	0.027280712108506577	-0.29559129784303195	-0.18088201601443643	2.0010904844398283	1.1155487727791638	-4.489194187120518	-0.8232770100595985	1.1960024565034928	0.44228241070055674	-0.09561486218728987	-0.0679889925170869	1.5624160208418516	1.0169253978168058	1.2979255960757996	-0.215736769160344	1.1071319076220334	-0.5974107510216413	-1.2113507987933758	3.1901560199528944	2.199634100841024	-5.233231864523987	-0.528153417875842	0.0	0.7083741482196046	0.8039956327966706	-0.1971244509626331	1.0208940517501333	0.7989708744014479	-0.8740928320410148	-0.17290425745630955	-0.5167469180248077	1.0195365145018513	1.498632802416921	-3.3011316790675096	-0.45756310359894314	1.4755627832170717	1.4427672439136359	-1.3513098423715633	-0.5061818867672514	-1.6000000000000227	-0.22475776481809362	-0.48215318182690226	1.9223278757231128	2.4204693819934278	0.2998427180477399	-0.0016946718543522366	3.601086377551976	-13.924245594812646	25.637783757485067	0.10270450701126368
24	0.4150729558051012	-0.22055626789773441	0.10489408444567516	0.16866605782087163	-2.573454410612385	1.0816082752298257	15.35614437555455	0.6861249983437006	-0.4126396771814598	0.6077701994871632	-0.5570981922550686	0.38090767037209616	0.26758490424418824	0.3933281795981429	1.5623883341186797		-0.0670649274525772	7.515533313096228	0.017703754854267117	0.37627626655859103	-0.06059653496657802	-0.9477176303295778	1.2089754429357527	1.2528848195973978	-2.95293794652315	-0.16512981460255105	-0.3968292156070561	0.8354457867831115	1.0612402033614785	-0.2049778698340674	-0.09555122351139289	-0.8008790431206876	0.6532642902684529	-1.855255171025874	0.09659629569677008	1.3759878366158205	8.608231698477027	0.004210422644007394	-1.0179807015004485	-2.2188282451368195	4.037388459909266	-14.022303662381773	0.015643600006399083	-0.22262372980441114	-1.6021245893716127	-0.6564311515794543	-5.052400048805453	-0.079481305469983	0.06488249872580809	-0.164639549270305	1.7023594167044962	0.7189808564443751	-4.6135262162994195	-0.8272624451013826	1.0131490625630022	0.06356420575900756	-0.01657324277908856	-0.189094385438068	1.161892284396572	0.6316901294673585	1.099944512031243	-0.7186533158653674	1.1316323119580147	-0.5346732583594758	-1.134906330908393	3.431409775561292	1.782568070918046	-4.803076895382787	-0.03365496073359964	-0.11733032647299524	0.9083286305781826	0.6991266372144764	-0.0816658439701996	0.8160683231677126	0.8591279701282701	-0.8854120197941029	-0.27765996014966277	-0.5167469180248077	0.7700106492575287	1.2558473017923006	-3.2981199723992063	-0.3551713601362394	1.480136305709948	1.143692406285254	-1.324263360662826	-0.6597247875990888	-1.8000000000000114	-0.5244660530458418	-0.5196978968052122	1.7117104883041065	2.5225484478754083	0.1497040228055419	0.015643600006399083	2.874598244345034	-14.022303662381773	15.35614437555455	0.07226719340770066
26	0.03218259498288489	-0.03807008513956589	0.307329864240387	0.3685140759111505	-2.1814981653041627	1.0452662371820907	4.538012359677396	0.6056249583579643	-0.44831728294457207	0.6325771464050263	-0.7520607125563856	0.38090767037209616	0.5954405297317749	0.39067354621499817	1.0630334494328508		-0.1748913952269504	8.123607531095104	0.06130255412222141	0.5644143998378581	-0.06348208425077928	-1.0561869458900333	1.0578535125687267	1.2578257738155116	-2.7420138074858187	-0.06552770420734078	-0.2976219117053347	0.9460468197689238	0.6753346748664057	-0.2878016376558321	-0.09555122351139289	-0.8004355885009886	0.4168857641844852	-1.6584827195707135	0.29487290265319643	1.3391048242423267	8.403765695791549	0.20210028691172965	-0.6187376355176184	-1.8959390602101962	3.565010153950425	-13.924245594812646	0.40360488016494855	-0.20214757461695854	-1.6021245893716127	-0.640308281189732	-4.574275908566051	-0.08289139448356764	0.2861234654109239	-0.13215461578198529	1.6036128317668954	0.9221010087134118	-4.045952747358342	-0.9271829950774872	0.8302956686225116	-0.2308462297726237	-0.3317835717900266	-0.6937001892757735	0.850529426344167	0.4390724952926348	0.7009691030913814	-1.2215698625703908	1.01708496701076	-0.360506487685484	-0.9872443673014004	3.0442559902573407	1.2659469867011808	-4.452254910339661	0.31226449362469566	-0.13651893182463937	0.8104847543901315	0.4993761694389036	0.050689144533293984	0.5112556736655733	1.041715336052789	-0.7747355173198116	-0.3775410817870011	-0.5905679063140497	0.3970755179294656	0.8309726756991722	-3.195119604345109	-0.3551713601362394	1.480136305709948	0.8210752344996308	-1.1809170076066948	-0.836203557434942	-1.8000000000000114	-0.6243688157883867	-0.644188267522793	1.3897430760404177	2.4633855057876985	0.008203541192376127	0.050689144533293984	2.3661258184826255	-13.924245594812646	8.403765695791549	0.02107444259003874
28	-0.4835641194867435	0.14441609761860263	0.6085327375669749	0.18035929292193487	-1.8822443780143203	0.9725821610866774	-6.575169565943725	0.7242798118163591	-0.3905758946701212	0.6325771464050263	-0.8519451413795878	0.28726434896969977	0.5283305777088572	0.3933281795981429	0.673705912220214		-0.27801460834876934	8.437132908082333	0.2016114172209882	0.8466215997568156	0.15004856277437284	-0.9605590858241726	1.150851623563824	1.0679519617187907	-2.6725102010295814	-0.06552770420734078	-0.09920730390177823	0.9567110537748249	0.09647638212373977	-0.4834673113723511	-0.2349405083589886	-0.9999901673516547	0.22706664475339267	-1.5585317029767793	0.29317823079890104	1.1240936271103692	7.8003780024500315	0.6027921751984309	-0.11968380303903814	-1.8076274882644725	3.281583170375143	-13.747741073188308	0.38796128015854947	-0.1816714194294491	-1.5021614232927618	-0.7808075802997791	-4.478651080518205	0.11699228461924349	0.2536822160480483	-0.008121233372094139	0.9049127984358165	1.221945043015296	-3.2567585585362053	-0.5235153601312277	0.8302956686225116	-0.14135256945002084	-0.5315123950257998	-1.1876827130326433	0.4047250343800215	0.6316901294673585	0.3019936941514061	-1.7244864092754142	0.9789025186950084	-0.28559604868587485	-0.8853184101213856	2.667697063388232	0.858303863151832	-4.005354916873159	0.7231992130364233	-0.13651893182463937	0.5126863958435592	0.4993761694389036	0.1999405145479045	0.10483880766275888	0.8183178800623523	-0.7860547050728428	-0.40191398706690507	-0.5167469180248077	0.2857364451464264	0.5881871750744949	-2.9951422815734077	-0.18302524143962273	1.384814468490731	0.39876645017108103	-1.1271621252105888	-0.8209129780989883	-1.6999999999999886	-0.6243688157883867	-0.8556242939797016	0.992673625743123	2.4256806255970673	-0.14418408292132262	0.11699228461924349	2.338223834548337	-13.747741073188308	8.437132908082333	-0.0306878173336457
30	-0.7996137061138029	0.030384574994002378	1.008502704425382	-0.011693235101063237	-1.4902881327060982	1.0657446871931597	-13.846138519726196	0.5209345053320362	-0.2971569006324444	0.6325771464050263	-1.042101324335988	0.293598733731983	0.5283305777088572	0.2933369888341417	0.6889404680241569		-0.17959464987944784	7.965194709038428	0.2629139713432096	0.7525525331171821	0.29144047769648296	-0.5652061900658509	1.3135983178051447	0.5784445688225901	-2.743944463220714	-0.06552770420734078	0.19841460780349962	0.9744847771180503	-0.19295276424753638	-0.6791329850889269	-0.21105270248119723	-1.2999872175572023	0.027935643991781944	-0.7589235702246242	0.494844181463975	0.8292390906927949	6.670703337612906	0.5027946374035537	-0.013723980393081092	-1.8545430108605956	3.030933457009212	-13.55162493805011	0.4878847751994613	-0.2541366778589804	-1.5048753554034988	-0.7186193659396167	-4.449395444124264	0.1135821956057157	0.024783443719286424	0.016242466744131434	0.30371369358090305	1.6217370887512175	-2.5945895114383006	-0.32367426017901835	0.6325314829015269	-0.03111534547639394	-0.5315123950257998	-1.4766359312302484	0.0028008652897710817	0.7279989465547487	0.20199873851225902	-1.730821257309458	0.9979937428528842	-0.3221148876981488	-0.7886194251044572	2.3799804390189934	1.0574139717397202	-3.4143379107715646	0.9867022578710021	-0.019188605351644128	0.4169758846467744	0.29463193996895143	0.3294794394661835	0.30481264950213927	0.462816651043795	-0.797373892825874	-0.421412311290851	-0.44928980803638296	0.06305829958034792	0.3454016744498176	-2.3952103132581897	-0.14270849245122008	1.0759813443687563	0.3752241160137828	-1.0108622538630812	-0.928265587186786	-1.8000000000000114	-0.5332837616822417	-0.7192776974794697	0.5084194751419773	2.307354741421591	-0.2440573496040492	0.024783443719286424	2.555914661017817	-13.846138519726196	7.965194709038428	-0.06448312082674254
32	-1.0048121322440693	-0.26613313038870956	1.4084726712837892	-0.10382175407880823	-1.3975856746876616	0.6930945827672303	-19.18211529588706	0.15658911887624072	-0.2971569006324444	0.6449806198639294	-1.027682312301124	0.19784395074208305	0.4928520680406905	0.2920096721426262	0.5044330699538477		0.018813018610046583	7.4553034380434156	0.2016114172209882	0.5644143998378581	0.4328323926185931	-0.16557280914275907	1.5577183591671542	0.17399217353840868	-2.0397377839174737	-0.16512981460255105	0.3968292156070561	1.0886405547724962	-0.3859055284951296	-0.895504600760944	-0.2688034419660994	-1.4995417964078115	-0.08094173771968372	-0.05926645406651687	0.494844181463975	0.4545412149892627	5.745494675461202	0.20280202401909264	0.08608678610255538	-1.860062484107175	2.8092048644163583	-13.630071392105378	0.3918721801601919	-0.33342732135088227	-1.4021982572139677	-0.5942429372193487	-4.449395444124264	0.1135821956057157	-0.22889877232876188	0.024363700116225573	-0.19749316987508791	1.6185129593501415	-2.4675643697140117	-0.01594174016713623	0.5634709736020795	0.1841732115580612	-0.4264422853555061	-1.0612656800712443	-0.3099624254075479	0.7279989465547487	0.5009791918129167	-1.8276036578300818	0.5262814126186868	-0.11142927801188307	-0.7886194251044572	1.8827946343456574	0.858303863151832	-2.7836544126209333	0.6419301317195618	-0.019188605351644128	0.6126636370228198	-0.014981285083194962	0.3604561389032028	0.7047603331810137	0.5036267411097128	-0.7206549536108469	-0.4409106355147401	-0.44928980803638296	0.24952586524432263	0.2659287228065068	-1.7952783449430854	-0.27453786215937726	0.6763999055204408	0.3752241160137828	-0.8945623825156304	-0.9435561665227397	-2.1000000000000227	-0.5465103246369267	-0.6323320417401987	0.012082662270415767	2.167570795349036	-0.33470977602739255	-0.014981285083194962	2.8359494353483146	-19.18211529588706	7.4553034380434156	-0.06896325567354743
34	-1.0991593978777132	-0.5626508357715352	1.406021874918224	-0.10382175407880823	-1.4116832835107402	0.3567865163891497	-22.596985586128653	-0.04675618760802536	-0.20373790659476754	0.6573840933228325	-1.1131477290894054	-0.0021114615874466836	0.4573735583726375	0.18803653130390785	0.20989832441028966		0.2187884386503356	6.514727307081785	0.14030886309876678	0.436418784574073	0.42994684333444866	0.034243881318843705	1.6158421785390829	-0.2304602217457159	-1.3360137685479572	0.12476474881083277	0.5952438234105557	1.5918792943404014	-0.3859055284951296	-0.993337437619175	-0.24491563608825118	-0.9991032581123136	-0.2893846198119263	0.5404396454975995	0.5948298208693927	0.2764130302309127	4.756603372889799	-0.09789232647284507	0.18589755259830554	-1.6834393402157275	2.714729203224522	-13.688906232646843	0.2958595851209793	-0.31977655122591386	-1.2995211590244367	-0.6264886779986227	-4.4201398077303224	-0.1930635010756987	-0.2536822160480483	-0.0671847488054027	-0.29748541127395356	1.5121166891139524	-2.0891820570867026	-0.10789142005972963	0.5932925571631813	0.40464765950525816	-0.12164335244943913	-0.7670008218332782	-0.6227257161049238	0.7279989465547487	0.7999596451136313	-2.121118283408805	0.15272979326300629	0.28559604868587485	-0.8395824036944646	1.4850459906069773	0.5596387002698862	-2.161343426632925	0.41208204761863954	-0.03837721070323141	0.7105075132108141	-0.21972551455314715	0.22810115039970924	1.0047210959401127	0.9096115630246118	-0.7093357658578157	-0.4409106355147401	-0.6707527729041658	0.44806362420905543	0.06506302085080051	-1.2983467446820214	-0.31485461114783675	0.47660918609619785	0.3752241160137828	-0.876644088383614	-0.9588467458586933	-2.1000000000000227	-0.45983412484895325	-0.5829311009792377	0.012082662270415767	2.0492449111735596	-0.38347807987219146	-0.04675618760802536	3.0372117703220587	-22.596985586128653	6.514727307081785	-0.04247321360144115
36	-0.8994622700350305	-0.7451370185297037	1.5035635702672607	-0.10382175407880823	-1.34012723872695	0.020478450010955385	-26.411427174563073	0.13122609257942486	-0.1680603008315984	0.4713319914390013	-1.1083413917444886	-0.2999331184942662	0.3351223081907051	0.09069997392310825	0.0		0.2187884386503356	5.789493606103463	0.21931517207519846	0.6924100151017001	0.3578081112313498	0.021402425824248894	1.4763450120464654	-0.2354011759638297	-0.7032413514358495	0.4146593122242166	0.4960365195087775	1.9916264902598755	-0.26311740579211573	-1.1682971693803097	-0.24491563608825118	-0.4991081744365147	-0.37963823886218506	0.3342784488438042	0.494844181463975	0.1965696909450685	4.025850398708769	0.0014034742146691315	0.4730317397850854	-1.5482122456738239	2.4640794898587046		0.09992349504085496	-0.22683513760898677	-1.1968440608349056	-0.6426115483882882	-4.4201398077303224	-0.5996510373084334	-0.049566887438516005	-0.08342721554953414	-0.3974776526729329	1.3057724074438397	-1.394583446421393	-0.19984109995226618	0.6921746500237305	0.3047822173571717	0.18315558045668467	-0.37818877087619285	-0.6680063716237896	0.6586087429390091	0.7989552314967341	-1.3183522630909579	-0.3380737611290101	0.6077109363840236	-0.890545382284472	1.0661076299987258	0.2798193501349715	-1.643482961230859	-0.2948633491544115	-0.15570753717622665	0.6169303670052386	-0.32459451013534135	0.04787308094813625	0.6047734122612951	1.3155963849395107	-0.5219403241683835	-0.5407917571520215	-0.8247586277834671	0.6707417697751339	-0.05632972946148129	-1.1998639366302655	-0.31485461114783675	0.28139198916488795	0.38307156073290116	-0.876644088383614	-0.7670773966869433	-1.8000000000000114	-0.46865183348540995	-0.6698767567185655	0.11135002484473944	1.9900819690858498	-0.2825015484671015	-0.06987847250550772	3.0118628163676635	-26.411427174563073	5.789493606103463	0.007707357913153724
38	-0.705266440480159	-0.7299447310327309	1.5011127739017525	0.09992400904513943	-0.9552197978302388	0.020478450010955385	-29.022526304518294	0.4702084527382908	-0.2614792948693321	0.37210420376760567	-0.6895783270721267	-0.4977770692362924	0.37872240440941596	-0.003981950074717133	0.18958558333832798		0.21408518399783816	5.0832364411006665	0.15801261795297705	0.8204056303654284	0.21641619630929654	-0.08706688973620658	1.4763450120464654	-0.14540522413358303	-0.8461098758180583	0.7952442182605068	0.29762191170527785	2.294991631868072	-0.1403292830891587	-0.9726314956637339	-0.24491563608825118	-0.0995555621155404	-0.39826200152333513	0.025036653863082847	0.39485854205861415	0.31329604260440647	3.1274778994095414	0.10069927490218333	0.654206104325965	-1.236362007240416	2.2134297764927737		0.0	-0.1270683389294618	-1.1941301287241686	-0.4238011645284132	-4.199634515240632	-0.6064712153355458	0.26134002169158066	-0.19933936458721746	-0.4987155505332339	0.9027562323068423	-0.8891759920697382	-0.19984109995226618	0.6772638582431796	0.0998654421481433	0.3776787056400508	-0.29957649827838395	-0.6680063716237896	0.5084626989083745	0.5999697338352235	-0.31885401771501165	-0.43623447200747023	0.6198838827214672	-0.6971474122505015	0.6577641278253168	0.19911010858800182	-1.0775834916171334	-0.7882144780899125	-0.15570753717622665	0.6254638269701331	-0.32459451013534135	-0.0168963815110601	0.4047995704218579	1.3660799778359092	-0.3232256947259202	-0.6357982977334018	-0.8247586277834671	0.5956132768941984	-0.17772247977387678	-1.0013924671927157	-0.27453786215937726	0.39043439386267664	0.18368833564733222	-0.876644088383614	-0.5600174681792964	-1.1999999999999886	-0.4642429791671816	-0.6698767567185655	0.2106173874190631	1.672809196749995	-0.2875788916905748	-0.09331122592587349	3.2186788947631864	-29.022526304518294	5.0832364411006665	0.06862579572762607
40	-0.4112220470037755	-0.7147524435357013	1.4986619775361874	0.20374576312394765	-0.4705610945035801	-0.01586358803672283	-29.52199042725931	0.4702084527382908	-0.3905758946701212	0.16124515496602498	-0.27562159974473843	-0.595643313813639	0.30776538507313944	0.002654633383087912	0.2793001897395584		0.2078141777944893	4.256519525992246	0.0	0.7864790817412768	0.07502428138718642	-0.19981669046160278	1.3949716649257766	-0.15528713256981064	-0.7046893432369643	0.885934560883527	0.08664104540753215	2.0951180339083635	-0.017541160386201682	-0.5605942062751978	-0.32655418145100157	0.0	-0.40757388285391016	-0.18112454279071244	0.19319259139354017	0.036883012373493784	2.3967249252285114	0.0	0.42383929058365766	-0.9714272914031881	2.0572557243186793		-0.09992349504085496	-0.03412692531247785	-0.9914898644557866	-0.11055682552915869	-4.008384859144826	-0.3032356076677729	0.4501397390138777	-0.10779091566575971	-0.49996120699461244	0.6996360800378056	-0.5729596940317947	-0.09992054997616151	0.6772638582431796	-0.19973088429622976	0.3568559134303655	0.0	-0.4005237364452796	0.48154408543678073	0.2999848669176117	0.5775269791063238	-0.3380737611290101	0.2350315023611529	-0.4070504571997162	0.27061034252142235	0.10897796066751653	-0.8228395149973835	-0.8706308876136291	-0.03837721070323141	0.6318639219437614	-0.11985028066538916	0.0	0.20320843300146407	1.2339762048077318	-0.22386838000477383	-0.3361549328214437	-0.4556536863371434	0.5204847840132629	-0.09824952813050913	-0.8029209977551091	-0.2342211131709746	0.39043439386267664	-0.007847444719118357	-0.876644088383614	-0.45266485909144194	-0.9000000000000341	-0.1645346909394334	-0.4841292194573157	0.12343268711509836	1.2372105402387774	-0.2771347493534701	-0.025834042849339767	3.2249504919615375	-29.52199042725931	4.256519525992246	0.1260610452267579
42	-0.4277259418668109	-0.7983993911662992	1.397444087638803	0.2076435081576733	-0.07155604478379018	0.3931285544368279	-27.31971972329825	0.3515535992799528	-0.5689639234857964	0.0	0.12391611554789961	-0.4998885308237391	0.4697696641603102	0.00398195007466029	0.28945656027553923		0.30309863316210794	3.5279855578878028	-0.07900630897654537	0.7186259844930305	0.005771098568175148	-0.29972503569240416	1.232224970684456	-0.06529118073962081	-0.6342204089132792	1.0673152461294535	0.11177356239596747	1.69892558265758	0.07893522173759493	-0.0714300219838151	-0.3843049209359606	0.1999980334703082	-0.4978275019041689	-0.28733472285051675	-0.0033893437086476297	-0.294854536417688	1.5754531477753062	0.0	0.0	-0.5298694316745127	1.9955573333362508		-0.19984699008165308	-0.03412692531247785	-0.6916003662194043	0.07831108474982784	-3.920617949963116	-0.09994183955137714	0.524490070171737	0.0	-0.30122238065808915	0.49974005716984493	-0.5405301304643899	0.0	0.28173548680103977	-0.20491677520897156	0.2309630115503296	0.0	0.04528065551886584	0.3583166548777399	0.19998991127840782	0.48707942661985726	-0.2590042744084826	-0.06273749266216555	-0.1424349914438494	0.29180005939099374	0.009422906373515616	-0.32790051731922176	-0.4596961682019014	0.15790623153935712	0.527619950782082	-0.014981285083194962	0.016896381511116942	0.09998692091971861	0.979442161581801	-0.22386838000477383	0.058494972671837786	-0.1603697331801186	0.2226781455661353	-0.15894590328667846	-0.7029323363692583	-0.2342211131709746	0.1906436744384905	-0.29907483762838183	-0.9391890773350156	-0.33766696033563903	-0.6999999999999886	0.1307647429701433	-0.34778262295708373	-0.11135002484462575	1.0005587718878246	-0.24903130735586868	0.0	2.970240102705394	-27.31971972329825	3.5279855578878028	0.16860859201706097
44	-0.45523243330518426	-0.8439762536573312	0.8962562308830115	0.10771949911247702	-0.2781073740552529	0.7453002088516882	-23.546935209970286	-0.029773987391934043	-0.7473519523014716	-0.07442084075347566	0.11430344085800925	-0.302044580081656	0.6317739432473104	0.005309266766232668	0.19974195387430882		0.40308634318228087	2.466949676820491	-0.2193151720752553	0.49656130258961184	-0.20775954845697697	-0.40391386608797575	1.0113544570712065	-0.07517308917590526	-0.6337377449796122	0.9498896001898629	0.1494723378786489	1.4990519846978714	0.008770580193015576	0.08282376782182155	-0.30266637557315335	0.1999980334703082	-0.5787692396238526	-0.390415321177386	-0.09998563940536087	-0.7248769306813756	1.0491661762796411	0.09999753779487719	-0.41154117828318704	-0.26493471583722794	1.8393832811620996		-0.29977048512250803	0.07246525842941764	-0.3917108679829653	-0.04606534397055384	-3.957731505223194	-0.09994183955137714	0.5740569576103667	0.0	-0.20123013925916666	0.29984403430194106	-0.5081005668969851	0.10390598501783188	-0.01491079178055088	-0.20491677520897156	0.2101402193406443	0.0	0.8024479055354732	0.19261763417472366	0.09999495563920391	0.2935146255787231	-0.16084356353013618	-0.0749104389995523	0.025481489295032134	0.34477435156486536	0.09955505429400091	0.11899947614728035	0.06616259326034424	0.19628344224264538	0.42337597962040263	0.09488147219332177	0.0	0.09675232975774861	0.765718208421788	-0.17859162899259218	0.14862693219720313	-0.08654874489081976	0.024140386601402497	-0.14016932679948013	-0.6029436749833508	-0.2342211131709746	-0.004573522492876236	-0.3987664501711947	-0.9033524890709828	-0.2379596409157898	-0.30000000000001137	0.23066750571268813	-0.17389131147854187	-0.3461327368044067	0.8822328877123482	-0.2363445517165918	0.0	2.5633871026581985	-23.546935209970286	2.5633871026581985	0.19032196203851445
46	-0.3883916591100274	-0.9883923512759907	0.49628626402466125	0.011693235101006394	-0.4846587033266587	0.7816422468994233	-19.28394370170281	-0.292446720605426	-0.8543847695908653	-0.2232625222605975	0.004806337344973599	-0.10208916775218313	0.7266682703115066	0.005309266766232668	0.10494916220511641		0.5030740532024538	1.9191053338744268	-0.2016114172209882	0.34234971793443947	-0.4270612940503611	-0.508102696483661	0.7323601240860853	0.019763816872512052	-0.6337377449796122	0.7239500760829287	0.1746048548670842	1.2956236420694722	-0.08770580193072419	-0.035715010991850704	-0.08163854536275039	0.29911014096614963	-0.46989185791238697	-0.3966744846431425	-0.19658193510213096	-0.9583296339999947	0.7407632888957778	0.19999507558975438	-0.2242177575921005	-0.223538666487741	1.777684890179728		-0.09992349504085496	0.3854164245928473	-0.4971018982832902	-0.18656464308043041	-3.612345748291716	-0.19988367910281113	0.2135831610414698	0.008121233372037295	-0.1024835543216227	0.1998960228679607	-0.19188426885904164	0.2038265349939934	-0.19776418572098464	-0.20491677520897156	0.19972882323577323	-0.1997176655189037	1.2029716419807528	0.123227430558984	0.09999495563920391	0.29984947361282366	-0.17993478768795512	-0.08708338533699589	0.025481489295032134	0.2771217659344529	0.4076431235494624	0.21507748457065645	0.06616259326034424	0.03837721070323141	0.4191092496379838	0.004993761694379373	0.0	-0.006469182323996847	0.5519942552619455	-0.14463406573344173	-0.16564017588274282	-0.1540058548793013	-0.1864675656639747	-0.20086570195564946	-0.4014604988774977	-0.09151262071981137	-0.1090424046977887	-0.29907483762838183	-0.37560801472972116	0.05351702767580946	0.0	0.23066750571268813	0.0	-0.8545522119463271	1.02201683378496	-0.21014377374858081	-0.021092096657923776	2.116703784389505	-19.28394370170281	2.116703784389505	0.19139355712013628
48	-0.19969712784268268	-0.7222592208872243	-0.1024432880801669	0.011693235101006394	-0.5985075745796848	0.40899214247355076	-15.316002103179187	-0.2161370936601088	-0.7830295580645839	-0.35970073030870253	0.004806337344973599	0.09997770616473645	0.6911897606434536	0.0013273166915155343	0.10494916220511641		0.5030740532024538	1.4694439379322262	-0.2016114172209882	0.16192216388793668	-0.5049711247216919	-0.5123831816484881	0.5928629575934679	0.01482286265439825	-0.5632688106558703	0.4162319771251646	0.1746048548670842	0.895876446150055	0.07893522173759493	-0.15425378980563664	0.08163854536275039	0.29866668634645066	-0.07162985638910868	-0.5028846647029468	-0.19827660695642635	-1.0566144794725574	0.5999799266301125	0.2999926133845747	-0.024596224600713867	-0.17662314389156109	1.6176546885691891		0.0	0.598600792076752	-0.5025297625047642	-0.18656464308043041	-2.913716315562624	-0.19988367910281113	-0.08966594244503767	-0.09966968229366557	-0.0024913129227002173	0.09672388203290438	0.21892760733572914	0.09992054997604782	-0.0839713010798846	-0.20491677520897156	0.19972882323577323	-0.29957649827838395	1.3360127432474656	0.05383722694324433	0.0	0.3966318741333339	-0.1990260118458309	-0.08708338533699589	0.0	0.19887432186931164	0.7063082864314083	0.2547439766197499	0.08241640952371654	-0.1579062315394708	0.5190864908171875	-0.08988771049905608	-0.0168963815110601	-0.00808647790501027	0.37908039216779343	-0.11067650247429128	-0.47990728396263194	-0.07382098828918515	-0.1864675656639747	-0.2615620771118188	-0.10149451471994553	0.05119587173129503	-0.1090424046977887	0.0	0.21468144856294202	0.15322434709560184	0.39999999999997726	0.1307647429701433	0.08694565573932778	-1.624525788000085	0.8068231273311426	-0.16675379850332686	0.0	1.700448035506652	-15.316002103179187	1.700448035506652	0.1771079698218062
